h11,h21,poly_idx,favorable,h11_eff,n_chi3,n_computed,max_h0,first_hit_at,n_ambient_skip,status
15,18,0,False,13,1170,1170,0,-1,1170,skip
15,18,1,False,14,1388,343,3,343,342,pass
15,18,2,True,15,2992,2992,0,-1,2992,skip
15,18,3,True,15,2586,1985,3,1985,1984,pass
15,18,4,False,13,1230,513,4,513,512,pass
15,18,5,True,15,3114,809,3,809,808,pass
15,18,6,False,13,1668,11,6,11,10,pass
15,18,7,False,11,908,702,3,702,701,pass
15,18,8,True,15,2552,1,3,1,0,pass
15,18,9,False,14,1752,833,4,833,832,pass
15,18,10,False,14,1964,86,3,86,85,pass
15,18,11,True,15,3582,3582,0,-1,3582,skip
15,18,12,True,15,2560,80,3,80,79,pass
15,18,13,True,15,2288,1765,3,1765,1764,pass
15,18,14,False,13,1264,6,3,6,5,pass
15,18,15,False,14,2110,454,3,454,453,pass
15,18,16,True,15,2990,92,3,92,91,pass
15,18,17,True,15,2204,2204,0,-1,2204,skip
15,18,18,True,15,2954,129,3,129,128,pass
15,18,19,False,14,1946,1210,3,1210,1209,pass
15,18,20,False,14,2038,2038,0,-1,2038,skip
15,18,21,True,15,2648,1355,3,1355,1354,pass
15,18,22,False,12,1658,75,3,75,74,pass
15,18,23,False,13,1512,40,3,40,39,pass
15,18,24,False,14,1760,1760,0,-1,1760,skip
15,18,25,False,11,972,8,3,8,7,pass
15,18,26,False,14,1668,1318,3,1318,1317,pass
15,18,27,False,13,1944,1944,0,-1,1944,skip
15,18,28,True,15,2086,1,3,1,0,pass
15,18,29,False,13,1308,1308,0,-1,1308,skip
15,18,30,False,14,1718,245,3,245,244,pass
15,18,31,True,15,2770,1,3,1,0,pass
15,18,32,True,15,2080,2080,0,-1,2080,skip
15,18,33,True,15,2036,1,3,1,0,pass
15,18,34,True,15,2656,1892,3,1892,1891,pass
15,18,35,True,15,2672,1,3,1,0,pass
15,18,36,False,13,1752,93,3,93,92,pass
15,18,37,False,13,1698,851,3,851,850,pass
15,18,38,False,13,1620,655,3,655,654,pass
15,18,39,True,15,2120,1243,3,1243,1242,pass
15,18,40,True,15,2232,115,4,115,114,pass
15,18,41,True,15,2296,188,3,188,187,pass
15,18,42,False,14,2174,2174,0,-1,2174,skip
15,18,43,True,15,2534,2534,0,-1,2534,skip
15,18,44,True,15,2622,8,3,8,7,pass
15,18,45,True,15,2800,339,6,339,338,pass
15,18,46,False,14,2078,780,3,780,779,pass
15,18,47,True,15,1842,1842,0,-1,1842,skip
15,18,48,False,14,2358,62,3,62,61,pass
15,18,49,True,15,3104,481,3,481,480,pass
15,18,50,True,15,2434,1374,3,1374,1373,pass
15,18,51,True,15,2360,2360,0,-1,2360,skip
15,18,52,True,15,2004,2004,0,-1,2004,skip
15,18,53,True,15,2054,398,3,398,397,pass
15,18,54,True,15,2376,2376,0,-1,2376,skip
15,18,55,True,15,2954,97,3,97,96,pass
15,18,56,True,15,2816,15,3,15,14,pass
15,18,57,True,15,3074,2057,3,2057,2056,pass
15,18,58,False,14,1976,241,3,241,240,pass
15,18,59,True,15,2974,2974,0,-1,2974,skip
15,18,60,True,15,2204,2204,0,-1,2204,skip
15,18,61,False,13,1576,12,3,12,11,pass
15,18,62,False,14,2272,117,3,117,116,pass
15,18,63,True,15,2434,412,3,412,411,pass
15,18,64,True,15,2634,1305,4,1305,1304,pass
15,18,65,True,15,2432,18,3,18,17,pass
15,18,66,True,15,2244,1,4,1,0,pass
15,18,67,False,14,1428,24,3,24,23,pass
15,18,68,True,15,2418,2418,0,-1,2418,skip
15,18,69,True,15,2604,24,3,24,23,pass
15,18,70,True,15,2270,79,3,79,78,pass
15,18,71,False,14,1724,41,3,41,40,pass
15,18,72,True,15,2468,2468,0,-1,2468,skip
15,18,73,True,15,2130,2130,0,-1,2130,skip
15,18,74,True,15,2162,365,3,365,364,pass
15,18,75,True,15,2140,366,3,366,365,pass
15,18,76,False,13,1266,1266,0,-1,1266,skip
15,18,77,False,14,1682,249,3,249,248,pass
15,18,78,False,14,1786,1786,0,-1,1786,skip
15,18,79,True,15,2392,113,4,113,112,pass
15,18,80,True,15,3040,2300,3,2300,2299,pass
15,18,81,True,15,2728,185,4,185,184,pass
15,18,82,True,15,2798,143,3,143,142,pass
15,18,83,True,15,2814,172,4,172,171,pass
15,18,84,True,15,2534,29,3,29,28,pass
15,18,85,True,15,2242,204,4,204,203,pass
15,18,86,False,13,1684,149,3,149,148,pass
15,18,87,True,15,2274,2274,0,-1,2274,skip
15,18,88,True,15,2634,32,4,32,31,pass
15,18,89,True,15,1858,3,3,3,2,pass
15,18,90,True,15,2146,226,3,226,225,pass
15,18,91,False,14,2292,39,3,39,38,pass
15,18,92,True,15,2660,1,3,1,0,pass
15,18,93,True,15,2280,23,3,23,22,pass
15,18,94,False,14,1968,1,3,1,0,pass
15,18,95,True,15,2238,51,3,51,50,pass
15,18,96,True,15,2570,1348,3,1348,1347,pass
15,18,97,True,15,1844,18,3,18,17,pass
15,18,98,True,15,2452,754,3,754,753,pass
15,18,99,False,14,1680,1680,0,-1,1680,skip
15,18,100,True,15,2856,98,3,98,97,pass
15,18,101,True,15,1872,35,4,35,34,pass
15,18,102,True,15,2456,192,3,192,191,pass
15,18,103,True,15,2428,160,3,160,159,pass
15,18,104,False,13,1646,1646,0,-1,1646,skip
15,18,105,True,15,2862,166,3,166,165,pass
15,18,106,True,15,2408,2408,0,-1,2408,skip
15,18,107,True,15,2302,142,3,142,141,pass
15,18,108,True,15,3184,3184,0,-1,3184,skip
15,18,109,True,15,2124,130,3,130,129,pass
15,18,110,True,15,2404,2404,0,-1,2404,skip
15,18,111,True,15,2286,1356,3,1356,1355,pass
15,18,112,True,15,2492,3,4,3,2,pass
15,18,113,False,12,1608,267,3,267,266,pass
15,18,114,True,15,1784,1784,0,-1,1784,skip
15,18,115,True,15,2176,87,3,87,86,pass
15,18,116,True,15,2208,90,3,90,89,pass
15,18,117,True,15,2136,2136,0,-1,2136,skip
15,18,118,True,15,2728,1152,3,1152,1151,pass
15,18,119,True,15,2488,2488,0,-1,2488,skip
15,18,120,True,15,2662,130,3,130,129,pass
15,18,121,True,15,2902,1612,3,1612,1611,pass
15,18,122,True,15,2586,65,3,65,64,pass
15,18,123,True,15,2322,25,3,25,24,pass
15,18,124,True,15,1912,1912,0,-1,1912,skip
15,18,125,True,15,2206,82,3,82,81,pass
15,18,126,True,15,2166,2166,0,-1,2166,skip
15,18,127,True,15,2062,1,3,1,0,pass
15,18,128,True,15,1614,1614,0,-1,1614,skip
15,18,129,True,15,1806,1,3,1,0,pass
15,18,130,False,14,2574,598,3,598,597,pass
15,18,131,False,14,2440,1439,3,1439,1438,pass
15,18,132,True,15,3072,3072,0,-1,3072,skip
15,18,133,True,15,2014,3,3,3,2,pass
15,18,134,False,14,1870,1870,0,-1,1870,skip
15,18,135,False,14,1554,1554,0,-1,1554,skip
15,18,136,True,15,2472,27,3,27,26,pass
15,18,137,False,14,2084,2084,0,-1,2084,skip
15,18,138,True,15,2236,88,4,88,87,pass
15,18,139,True,15,2132,1,3,1,0,pass
15,18,140,False,14,1660,1660,0,-1,1660,skip
15,18,141,True,15,2600,2600,0,-1,2600,skip
15,18,142,True,15,2772,2772,0,-1,2772,skip
15,18,143,True,15,2522,2522,0,-1,2522,skip
15,18,144,True,15,2080,1,3,1,0,pass
15,18,145,True,15,2474,12,3,12,11,pass
15,18,146,True,15,2382,1,3,1,0,pass
15,18,147,True,15,1946,8,3,8,7,pass
15,18,148,False,14,1824,1824,0,-1,1824,skip
15,18,149,True,15,2204,2204,0,-1,2204,skip
15,18,150,True,15,2406,171,3,171,170,pass
15,18,151,True,15,2602,34,3,34,33,pass
15,18,152,True,15,2440,2440,0,-1,2440,skip
15,18,153,True,15,2402,117,3,117,116,pass
15,18,154,True,15,1952,1952,0,-1,1952,skip
15,18,155,True,15,3004,3004,0,-1,3004,skip
15,18,156,True,15,1960,1960,0,-1,1960,skip
15,18,157,True,15,2768,2768,0,-1,2768,skip
15,18,158,True,15,2352,351,3,351,350,pass
15,18,159,False,14,2562,2562,0,-1,2562,skip
15,18,160,True,15,2308,1346,3,1346,1345,pass
15,18,161,False,14,2112,89,3,89,88,pass
15,18,162,True,15,2132,679,3,679,678,pass
15,18,163,True,15,2524,24,4,24,23,pass
15,18,164,True,15,2272,1,3,1,0,pass
15,18,165,True,15,2304,2304,0,-1,2304,skip
15,18,166,True,15,2572,67,3,67,66,pass
15,18,167,True,15,2686,67,3,67,66,pass
15,18,168,True,15,2538,1234,3,1234,1233,pass
15,18,169,True,15,2858,2858,0,-1,2858,skip
15,18,170,True,15,2592,135,3,135,134,pass
15,18,171,True,15,2878,113,3,113,112,pass
15,18,172,True,15,2800,153,3,153,152,pass
15,18,173,True,15,2916,98,3,98,97,pass
15,18,174,True,15,2976,93,3,93,92,pass
15,18,175,True,15,2702,115,3,115,114,pass
15,18,176,True,15,2616,367,4,367,366,pass
15,18,177,False,14,1740,1321,3,1321,1320,pass
15,18,178,True,15,2984,2984,0,-1,2984,skip
15,18,179,False,14,2204,2204,0,-1,2204,skip
15,18,180,True,15,2308,7,3,7,6,pass
15,18,181,True,15,2140,1,3,1,0,pass
15,18,182,True,15,2554,2554,0,-1,2554,skip
15,18,183,True,15,2516,8,3,8,7,pass
15,18,184,True,15,2788,97,3,97,96,pass
15,18,185,True,15,2452,1692,3,1692,1691,pass
15,18,186,True,15,2256,51,3,51,50,pass
15,18,187,True,15,2406,2406,0,-1,2406,skip
15,18,188,True,15,2514,45,3,45,44,pass
15,18,189,True,15,2418,81,3,81,80,pass
15,18,190,True,15,2692,657,3,657,656,pass
15,18,191,True,15,2682,83,3,83,82,pass
15,18,192,True,15,2818,107,3,107,106,pass
15,18,193,True,15,3106,3106,0,-1,3106,skip
15,18,194,True,15,2398,280,3,280,279,pass
15,18,195,True,15,2310,78,3,78,77,pass
15,18,196,True,15,2556,64,3,64,63,pass
15,18,197,True,15,2420,88,3,88,87,pass
15,18,198,True,15,2122,2122,0,-1,2122,skip
15,18,199,False,14,1750,1750,0,-1,1750,skip
15,18,200,True,15,2320,2320,0,-1,2320,skip
15,18,201,True,15,2558,98,3,98,97,pass
15,18,202,True,15,2910,1280,3,1280,1279,pass
15,18,203,True,15,2462,249,3,249,248,pass
15,18,204,True,15,1868,38,3,38,37,pass
15,18,205,True,15,2494,12,4,12,11,pass
15,18,206,True,15,2792,111,3,111,110,pass
15,18,207,True,15,2866,79,3,79,78,pass
15,18,208,True,15,2354,7,3,7,6,pass
15,18,209,True,15,2684,293,3,293,292,pass
15,18,210,True,15,2804,305,3,305,304,pass
15,18,211,True,15,3036,722,3,722,721,pass
15,18,212,True,15,3446,222,3,222,221,pass
15,18,213,True,15,2862,1338,3,1338,1337,pass
15,18,214,True,15,2574,1,3,1,0,pass
15,18,215,False,14,2606,1741,4,1741,1740,pass
15,18,216,True,15,2758,85,3,85,84,pass
15,18,217,True,15,2066,2066,0,-1,2066,skip
15,18,218,False,14,2062,2062,0,-1,2062,skip
15,18,219,True,15,2048,498,3,498,497,pass
15,18,220,True,15,2316,41,3,41,40,pass
15,18,221,True,15,2008,1,3,1,0,pass
15,18,222,True,15,2060,1,3,1,0,pass
15,18,223,True,15,2186,21,3,21,20,pass
15,18,224,False,14,1502,1502,0,-1,1502,skip
15,18,225,False,14,2592,2592,0,-1,2592,skip
15,18,226,True,15,2060,1,3,1,0,pass
15,18,227,False,14,2148,32,3,32,31,pass
15,18,228,True,15,2258,2258,0,-1,2258,skip
15,18,229,True,15,3722,687,3,687,686,pass
15,18,230,True,15,2786,26,3,26,25,pass
15,18,231,True,15,2272,64,3,64,63,pass
15,18,232,False,14,1798,523,3,523,522,pass
15,18,233,True,15,2406,659,3,659,658,pass
15,18,234,True,15,2748,2748,0,-1,2748,skip
15,18,235,True,15,2866,2866,0,-1,2866,skip
15,18,236,False,14,1994,39,3,39,38,pass
15,18,237,False,14,1584,1584,0,-1,1584,skip
15,18,238,True,15,2316,2316,0,-1,2316,skip
15,18,239,False,14,1670,1670,0,-1,1670,skip
15,18,240,True,15,2056,285,3,285,284,pass
15,18,241,True,15,2154,2154,0,-1,2154,skip
15,18,242,False,14,1762,254,4,254,253,pass
15,18,243,True,15,2050,10,4,10,9,pass
15,18,244,True,15,2500,73,3,73,72,pass
15,18,245,True,15,2542,133,3,133,132,pass
15,18,246,True,15,2830,2830,0,-1,2830,skip
15,18,247,True,15,2410,2410,0,-1,2410,skip
15,18,248,True,15,2248,89,7,89,88,pass
15,18,249,True,15,2026,14,3,14,13,pass
15,18,250,True,15,2896,1,3,1,0,pass
15,18,251,True,15,2752,18,3,18,17,pass
15,18,252,True,15,2074,1,3,1,0,pass
15,18,253,True,15,2206,2206,0,-1,2206,skip
15,18,254,True,15,1742,1742,0,-1,1742,skip
15,18,255,True,15,2170,2170,0,-1,2170,skip
15,18,256,True,15,2252,7,4,7,6,pass
15,18,257,False,14,2066,106,3,106,105,pass
15,18,258,True,15,1752,1752,0,-1,1752,skip
15,18,259,True,15,2310,67,3,67,66,pass
15,18,260,True,15,2490,2490,0,-1,2490,skip
15,18,261,True,15,3006,1,3,1,0,pass
15,18,262,True,15,2536,63,3,63,62,pass
15,18,263,False,14,1788,1788,0,-1,1788,skip
15,18,264,True,15,2154,58,3,58,57,pass
15,18,265,True,15,2274,17,3,17,16,pass
15,18,266,True,15,2706,2706,0,-1,2706,skip
15,18,267,True,15,2390,266,3,266,265,pass
15,18,268,True,15,2334,40,3,40,39,pass
15,18,269,True,15,3138,3138,0,-1,3138,skip
15,18,270,True,15,2876,2876,0,-1,2876,skip
15,18,271,True,15,2826,2826,0,-1,2826,skip
15,18,272,True,15,3042,135,3,135,134,pass
15,18,273,True,15,3358,1724,3,1724,1723,pass
15,18,274,True,15,2550,55,3,55,54,pass
15,18,275,True,15,2780,71,3,71,70,pass
15,18,276,True,15,2798,2798,0,-1,2798,skip
15,18,277,True,15,3314,1540,3,1540,1539,pass
15,18,278,True,15,2538,101,3,101,100,pass
15,18,279,True,15,2492,127,3,127,126,pass
15,18,280,True,15,3038,3038,0,-1,3038,skip
15,18,281,True,15,3046,3046,0,-1,3046,skip
15,18,282,True,15,2410,2410,0,-1,2410,skip
15,18,283,True,15,2194,2194,0,-1,2194,skip
15,18,284,True,15,2928,80,3,80,79,pass
15,18,285,True,15,2850,54,3,54,53,pass
15,18,286,True,15,2506,37,3,37,36,pass
15,18,287,True,15,2074,5,3,5,4,pass
15,18,288,True,15,3558,1092,3,1092,1091,pass
15,18,289,True,15,2750,2750,0,-1,2750,skip
15,18,290,True,15,2594,12,3,12,11,pass
15,18,291,True,15,2610,2610,0,-1,2610,skip
15,18,292,True,15,2352,125,3,125,124,pass
15,18,293,True,15,2944,111,4,111,110,pass
15,18,294,True,15,2190,9,3,9,8,pass
15,18,295,True,15,2316,2316,0,-1,2316,skip
15,18,296,True,15,3148,1670,3,1670,1669,pass
15,18,297,True,15,2804,83,3,83,82,pass
15,18,298,True,15,2260,2260,0,-1,2260,skip
15,18,299,True,15,2332,23,3,23,22,pass
15,18,300,True,15,2288,2288,0,-1,2288,skip
15,18,301,True,15,2234,41,3,41,40,pass
15,18,302,True,15,2800,67,3,67,66,pass
15,18,303,True,15,2884,71,3,71,70,pass
15,18,304,True,15,2614,274,3,274,273,pass
15,18,305,True,15,2278,2278,0,-1,2278,skip
15,18,306,True,15,3008,1835,3,1835,1834,pass
15,18,307,True,15,2526,2526,0,-1,2526,skip
15,18,308,True,15,2388,634,3,634,633,pass
15,18,309,True,15,2596,2596,0,-1,2596,skip
15,18,310,True,15,2592,17,3,17,16,pass
15,18,311,False,14,2776,2776,0,-1,2776,skip
15,18,312,False,14,1976,1976,0,-1,1976,skip
15,18,313,True,15,1772,1772,0,-1,1772,skip
15,18,314,True,15,2850,7,3,7,6,pass
15,18,315,True,15,2930,117,4,117,116,pass
15,18,316,True,15,2128,2128,0,-1,2128,skip
15,18,317,True,15,2404,67,4,67,66,pass
15,18,318,True,15,2294,2294,0,-1,2294,skip
15,18,319,False,14,1874,560,3,560,559,pass
15,18,320,True,15,2348,111,3,111,110,pass
15,18,321,True,15,2072,2072,0,-1,2072,skip
15,18,322,True,15,2080,2080,0,-1,2080,skip
15,18,323,True,15,2690,76,3,76,75,pass
15,18,324,False,14,2154,54,3,54,53,pass
15,18,325,False,14,2436,2436,0,-1,2436,skip
15,18,326,False,14,2730,2730,0,-1,2730,skip
15,18,327,True,15,2754,2754,0,-1,2754,skip
15,18,328,True,15,2240,1,3,1,0,pass
15,18,329,True,15,1904,5,3,5,4,pass
15,18,330,True,15,2208,9,3,9,8,pass
15,18,331,True,15,2494,249,4,249,248,pass
15,18,332,True,15,2382,1,3,1,0,pass
15,18,333,True,15,2818,30,3,30,29,pass
15,18,334,True,15,2396,83,3,83,82,pass
15,18,335,True,15,3038,3038,0,-1,3038,skip
15,18,336,True,15,2040,35,3,35,34,pass
15,18,337,False,14,1756,1756,0,-1,1756,skip
15,18,338,True,15,2050,19,3,19,18,pass
15,18,339,True,15,2282,2282,0,-1,2282,skip
15,18,340,False,14,2090,441,4,441,440,pass
15,18,341,True,15,2346,67,3,67,66,pass
15,18,342,True,15,2264,2264,0,-1,2264,skip
15,18,343,True,15,2860,103,3,103,102,pass
15,18,344,True,15,2000,2000,0,-1,2000,skip
15,18,345,True,15,2716,37,3,37,36,pass
15,18,346,True,15,2528,39,3,39,38,pass
15,18,347,True,15,2422,34,3,34,33,pass
15,18,348,True,15,2370,13,3,13,12,pass
15,18,349,True,15,2364,1,3,1,0,pass
15,18,350,True,15,2380,709,3,709,708,pass
15,18,351,True,15,2348,2348,0,-1,2348,skip
15,18,352,True,15,2484,44,3,44,43,pass
15,18,353,False,14,2022,1070,3,1070,1069,pass
15,18,354,True,15,2938,2938,0,-1,2938,skip
15,18,355,True,15,3006,1818,3,1818,1817,pass
15,18,356,True,15,2298,1,3,1,0,pass
15,18,357,True,15,2054,79,3,79,78,pass
15,18,358,True,15,2606,2606,0,-1,2606,skip
15,18,359,True,15,3058,3058,0,-1,3058,skip
15,18,360,True,15,2186,64,3,64,63,pass
15,18,361,True,15,2074,1,3,1,0,pass
15,18,362,True,15,2512,1115,4,1115,1114,pass
15,18,363,True,15,2366,2366,0,-1,2366,skip
15,18,364,True,15,2140,2140,0,-1,2140,skip
15,18,365,True,15,2826,2826,0,-1,2826,skip
15,18,366,True,15,2046,2046,0,-1,2046,skip
15,18,367,True,15,2390,5,4,5,4,pass
15,18,368,True,15,2168,1,3,1,0,pass
15,18,369,True,15,1974,41,4,41,40,pass
15,18,370,True,15,2112,1,3,1,0,pass
15,18,371,False,14,2286,2286,0,-1,2286,skip
15,18,372,False,14,2136,2136,0,-1,2136,skip
15,18,373,False,14,2022,2022,0,-1,2022,skip
15,18,374,True,15,2554,1885,3,1885,1884,pass
15,18,375,True,15,2178,427,3,427,426,pass
15,18,376,True,15,2556,29,3,29,28,pass
15,18,377,True,15,2148,2148,0,-1,2148,skip
15,18,378,True,15,1974,1974,0,-1,1974,skip
15,18,379,True,15,2332,49,3,49,48,pass
15,18,380,True,15,2440,2440,0,-1,2440,skip
15,18,381,True,15,2702,89,3,89,88,pass
15,18,382,True,15,2250,2250,0,-1,2250,skip
15,18,383,True,15,3146,3146,0,-1,3146,skip
15,18,384,True,15,2530,2530,0,-1,2530,skip
15,18,385,True,15,2704,2704,0,-1,2704,skip
15,18,386,True,15,2562,2562,0,-1,2562,skip
15,18,387,True,15,2464,15,4,15,14,pass
15,18,388,True,15,2352,2352,0,-1,2352,skip
15,18,389,True,15,2466,83,3,83,82,pass
15,18,390,True,15,2182,983,3,983,982,pass
15,18,391,True,15,2612,1,3,1,0,pass
15,18,392,True,15,2138,2138,0,-1,2138,skip
15,18,393,True,15,2022,14,3,14,13,pass
15,18,394,True,15,2606,22,3,22,21,pass
15,18,395,True,15,2638,1,3,1,0,pass
15,18,396,True,15,3460,14,3,14,13,pass
15,18,397,True,15,2162,1,3,1,0,pass
15,18,398,True,15,2376,74,3,74,73,pass
15,18,399,True,15,2386,10,3,10,9,pass
15,18,400,True,15,2860,382,3,382,381,pass
15,18,401,True,15,3028,1194,3,1194,1193,pass
15,18,402,True,15,2134,2134,0,-1,2134,skip
15,18,403,True,15,2056,2056,0,-1,2056,skip
15,18,404,True,15,2414,1629,3,1629,1628,pass
15,18,405,True,15,2294,629,3,629,628,pass
15,18,406,True,15,2958,2958,0,-1,2958,skip
15,18,407,True,15,2338,2338,0,-1,2338,skip
15,18,408,True,15,2446,8,3,8,7,pass
15,18,409,True,15,2484,2484,0,-1,2484,skip
15,18,410,True,15,2114,2114,0,-1,2114,skip
15,18,411,True,15,2048,1,3,1,0,pass
15,18,412,True,15,2210,2210,0,-1,2210,skip
15,18,413,True,15,1992,127,3,127,126,pass
15,18,414,True,15,2806,29,3,29,28,pass
15,18,415,True,15,1960,31,3,31,30,pass
15,18,416,True,15,2938,2938,0,-1,2938,skip
15,18,417,True,15,2252,2252,0,-1,2252,skip
15,18,418,True,15,2556,26,3,26,25,pass
15,18,419,True,15,2528,76,3,76,75,pass
15,18,420,True,15,2292,2292,0,-1,2292,skip
15,18,421,True,15,1978,9,3,9,8,pass
15,18,422,True,15,2810,2810,0,-1,2810,skip
15,18,423,True,15,2314,2314,0,-1,2314,skip
15,18,424,True,15,2168,261,4,261,260,pass
15,18,425,True,15,2264,2264,0,-1,2264,skip
15,18,426,True,15,2298,525,3,525,524,pass
15,18,427,True,15,2280,2280,0,-1,2280,skip
15,18,428,True,15,2796,2796,0,-1,2796,skip
15,18,429,True,15,2828,2828,0,-1,2828,skip
15,18,430,True,15,2238,2238,0,-1,2238,skip
15,18,431,True,15,2130,2130,0,-1,2130,skip
15,18,432,True,15,2174,2174,0,-1,2174,skip
15,18,433,True,15,2296,2296,0,-1,2296,skip
15,18,434,True,15,3012,647,3,647,646,pass
15,18,435,True,15,2438,2438,0,-1,2438,skip
15,18,436,True,15,2758,2758,0,-1,2758,skip
15,18,437,True,15,2402,63,3,63,62,pass
15,18,438,True,15,2820,54,3,54,53,pass
15,18,439,True,15,2610,1255,3,1255,1254,pass
15,18,440,True,15,3064,83,3,83,82,pass
15,18,441,True,15,2760,2760,0,-1,2760,skip
15,18,442,True,15,2016,2016,0,-1,2016,skip
15,18,443,True,15,2014,163,3,163,162,pass
15,18,444,True,15,2276,2276,0,-1,2276,skip
15,18,445,True,15,2480,111,3,111,110,pass
15,18,446,True,15,2488,2488,0,-1,2488,skip
15,18,447,True,15,2562,2562,0,-1,2562,skip
15,18,448,True,15,3088,223,3,223,222,pass
15,18,449,True,15,2900,7,3,7,6,pass
15,18,450,True,15,2370,2370,0,-1,2370,skip
15,18,451,True,15,2384,2384,0,-1,2384,skip
15,18,452,True,15,2484,2484,0,-1,2484,skip
15,18,453,True,15,2578,749,3,749,748,pass
15,18,454,True,15,2310,2310,0,-1,2310,skip
15,18,455,True,15,2796,561,3,561,560,pass
15,18,456,True,15,2836,2836,0,-1,2836,skip
15,18,457,True,15,2346,471,4,471,470,pass
15,18,458,True,15,2600,2600,0,-1,2600,skip
15,18,459,True,15,2476,2476,0,-1,2476,skip
15,18,460,True,15,2078,2078,0,-1,2078,skip
15,18,461,True,15,2376,95,3,95,94,pass
15,18,462,True,15,2140,2140,0,-1,2140,skip
15,18,463,True,15,2960,2960,0,-1,2960,skip
15,18,464,True,15,2224,615,3,615,614,pass
15,18,465,True,15,2338,2338,0,-1,2338,skip
15,18,466,True,15,2152,2152,0,-1,2152,skip
15,18,467,True,15,2364,2364,0,-1,2364,skip
15,18,468,True,15,2388,40,3,40,39,pass
15,18,469,True,15,2814,2814,0,-1,2814,skip
15,18,470,True,15,2898,1573,3,1573,1572,pass
15,18,471,True,15,2804,62,3,62,61,pass
15,18,472,False,14,2814,2814,0,-1,2814,skip
15,18,473,True,15,2820,2820,0,-1,2820,skip
15,18,474,False,14,2420,2420,0,-1,2420,skip
15,18,475,True,15,2812,2812,0,-1,2812,skip
15,18,476,True,15,2760,1572,3,1572,1571,pass
15,18,477,True,15,2322,2322,0,-1,2322,skip
15,18,478,True,15,2070,43,3,43,42,pass
15,18,479,True,15,2630,2630,0,-1,2630,skip
15,18,480,True,15,2522,2522,0,-1,2522,skip
15,18,481,True,15,2310,55,3,55,54,pass
15,18,482,True,15,1978,1978,0,-1,1978,skip
15,18,483,True,15,2458,2458,0,-1,2458,skip
15,18,484,True,15,2334,335,4,335,334,pass
15,18,485,True,15,2280,45,3,45,44,pass
15,18,486,True,15,2466,2466,0,-1,2466,skip
15,18,487,True,15,2658,2658,0,-1,2658,skip
15,18,488,True,15,2786,2083,3,2083,2082,pass
15,18,489,True,15,2512,56,3,56,55,pass
15,18,490,True,15,2210,2210,0,-1,2210,skip
15,18,491,True,15,1976,1976,0,-1,1976,skip
15,18,492,True,15,2248,51,3,51,50,pass
15,18,493,True,15,2884,841,3,841,840,pass
15,18,494,True,15,2044,34,3,34,33,pass
15,18,495,True,15,2482,2482,0,-1,2482,skip
15,18,496,True,15,2350,17,3,17,16,pass
15,18,497,True,15,1978,1978,0,-1,1978,skip
15,18,498,True,15,2846,2846,0,-1,2846,skip
15,18,499,True,15,2118,2118,0,-1,2118,skip
15,18,500,True,15,2024,7,4,7,6,pass
15,18,501,True,15,2682,2682,0,-1,2682,skip
15,18,502,True,15,2556,9,3,9,8,pass
15,18,503,True,15,2612,56,3,56,55,pass
15,18,504,True,15,3112,3112,0,-1,3112,skip
15,18,505,True,15,1952,1061,4,1061,1060,pass
15,18,506,True,15,3736,3736,0,-1,3736,skip
15,18,507,False,14,1722,1722,0,-1,1722,skip
15,18,508,True,15,3466,3466,0,-1,3466,skip
15,18,509,True,15,2194,2194,0,-1,2194,skip
15,18,510,True,15,2576,2576,0,-1,2576,skip
15,18,511,True,15,2156,2156,0,-1,2156,skip
15,18,512,True,15,2536,2536,0,-1,2536,skip
15,18,513,False,14,2434,1447,3,1447,1446,pass
15,18,514,True,15,2522,41,3,41,40,pass
15,18,515,True,15,2594,68,3,68,67,pass
15,18,516,True,15,2196,1151,3,1151,1150,pass
15,18,517,True,15,2374,2374,0,-1,2374,skip
15,18,518,True,15,2776,113,3,113,112,pass
15,18,519,True,15,2742,53,3,53,52,pass
15,18,520,True,15,2934,1,3,1,0,pass
15,18,521,True,15,2194,8,3,8,7,pass
15,18,522,True,15,2260,694,3,694,693,pass
15,18,523,True,15,2380,2380,0,-1,2380,skip
15,18,524,True,15,2228,2228,0,-1,2228,skip
15,18,525,True,15,2190,2190,0,-1,2190,skip
15,18,526,True,15,3016,3016,0,-1,3016,skip
15,18,527,True,15,2776,37,3,37,36,pass
15,18,528,True,15,2112,2112,0,-1,2112,skip
15,18,529,True,15,2240,2240,0,-1,2240,skip
15,18,530,True,15,2714,2714,0,-1,2714,skip
15,18,531,True,15,2378,38,3,38,37,pass
15,18,532,True,15,2266,70,3,70,69,pass
15,18,533,True,15,3014,17,3,17,16,pass
15,18,534,True,15,2314,2314,0,-1,2314,skip
15,18,535,True,15,3214,3214,0,-1,3214,skip
15,18,536,True,15,3364,3364,0,-1,3364,skip
15,18,537,True,15,2786,2786,0,-1,2786,skip
15,18,538,True,15,2912,126,3,126,125,pass
15,18,539,True,15,2352,2352,0,-1,2352,skip
15,18,540,True,15,2654,74,3,74,73,pass
15,18,541,True,15,2436,2436,0,-1,2436,skip
15,18,542,True,15,2424,719,4,719,718,pass
15,18,543,True,15,2170,123,3,123,122,pass
15,18,544,True,15,2276,1385,4,1385,1384,pass
15,18,545,True,15,1988,48,3,48,47,pass
15,18,546,True,15,2768,2768,0,-1,2768,skip
15,18,547,True,15,3052,3052,0,-1,3052,skip
15,18,548,True,15,2592,2592,0,-1,2592,skip
15,18,549,True,15,3144,3144,0,-1,3144,skip
15,18,550,True,15,2386,2386,0,-1,2386,skip
15,18,551,True,15,2620,2620,0,-1,2620,skip
15,18,552,True,15,2414,2414,0,-1,2414,skip
