poly_idx,h11,h21,n_vertices,gl_order,classification,n_ample_chi3,n_nef_chi3,n_nearmiss_chi3,best_min_mori,n_walls_hit,min_chi_basis,wall_t_stars,error
0,13,16,11,1,NEAR,0,0,0,-2,0,1.0,,
1,13,16,13,1,NEAR,0,0,0,-2,0,1.0,,
2,13,16,13,1,NEAR,0,0,0,-2,0,1.0,,
3,14,17,8,1,NEAR,0,0,0,-2,0,0.0,,
4,14,17,10,1,NEAR,0,0,0,-2,0,1.0,,
5,14,17,10,1,NEF,0,1,15,0,0,1.0,,
6,14,17,11,2,NEAR,0,0,0,-2,0,1.0,,
7,14,17,11,1,NEAR_MISS,0,0,1,-1,0,1.0,,
8,14,17,10,1,NEAR_MISS,0,0,6,-1,0,1.0,,
9,14,17,11,1,NEAR_MISS,0,0,1,-1,0,0.0,,
10,14,17,12,1,NEAR,0,0,0,-2,0,0.0,,
11,14,17,11,2,NEAR,0,0,0,-3,0,1.0,,
12,14,17,11,1,NEAR,0,0,0,-2,0,1.0,,
13,14,17,11,1,NEAR,0,0,0,-2,0,1.0,,
14,14,17,11,1,NEF,0,1,15,0,2,0.0,4.500000;3.000000,
15,14,17,11,2,NEAR,0,0,0,-3,0,1.0,,
16,14,17,11,1,NEAR,0,0,0,-2,0,0.0,,
17,14,17,11,1,NEAR,0,0,0,-2,0,0.0,,
18,14,17,11,1,NEAR,0,0,0,-2,0,1.0,,
19,14,17,11,1,NEAR_MISS,0,0,6,-1,1,0.0,4.500000,
20,14,17,12,2,NEAR,0,0,0,-2,0,1.0,,
21,14,17,12,2,NEAR,0,0,0,-3,0,1.0,,
22,14,17,12,2,NEAR,0,0,0,-2,0,1.0,,
23,14,17,12,2,NEAR,0,0,0,-2,0,1.0,,
24,14,17,14,1,NEAR_MISS,0,0,2,-1,0,1.0,,
25,15,18,8,2,NEAR,0,0,0,-2,0,-1.0,,
26,15,18,8,2,NEAR,0,0,0,-2,0,-1.0,,
27,15,18,8,1,NEAR,0,0,0,-2,0,0.0,,
28,15,18,8,2,NEAR,0,0,0,-2,0,0.0,,
29,15,18,10,2,NEAR,0,0,0,-3,0,-1.0,,
30,15,18,11,1,NEAR,0,0,0,-2,0,0.0,,
31,15,18,10,1,NEAR_MISS,0,0,1,-1,0,0.0,,
32,15,18,9,4,NEAR_MISS,0,0,1,-1,0,1.0,,
33,15,18,9,2,NEAR,0,0,0,-2,0,0.0,,
34,15,18,11,2,NEAR,0,0,0,-2,0,1.0,,
35,15,18,11,1,NEAR,0,0,0,-2,0,0.0,,
36,15,18,10,2,NEAR_MISS,0,0,7,-1,1,0.0,4.500000,
37,15,18,10,4,NEAR,0,0,0,-2,0,1.0,,
38,15,18,11,1,NEAR,0,0,0,-2,0,0.0,,
39,15,18,10,1,NEAR_MISS,0,0,1,-1,0,1.0,,
40,15,18,10,2,NEF,0,1,10,0,2,-1.0,3.000000;3.000000,
41,15,18,11,1,NEAR_MISS,0,0,8,-1,1,0.0,4.500000,
42,15,18,11,2,NEAR,0,0,0,-2,0,1.0,,
43,15,18,11,4,NEAR_MISS,0,0,2,-1,0,1.0,,
44,15,18,11,1,NEAR,0,0,0,-2,0,0.0,,
45,15,18,11,1,NEF,0,1,7,0,1,-1.0,3.000000,
46,15,18,11,1,NEAR,0,0,0,-2,0,0.0,,
47,15,18,11,1,NEAR_MISS,0,0,2,-1,0,1.0,,
48,15,18,11,1,NEF,0,1,3,0,1,1.0,2.000000,
49,15,18,11,1,NEAR,0,0,0,-2,0,-1.0,,
50,15,18,11,1,NEAR_MISS,0,0,1,-1,0,1.0,,
51,15,18,11,1,NEAR,0,0,0,-2,0,0.0,,
52,15,18,11,2,NEAR_MISS,0,0,12,-1,1,0.0,4.500000,
53,15,18,11,1,NEAR_MISS,0,0,3,-1,0,1.0,,
54,15,18,11,2,NEF,0,1,8,0,1,-1.0,3.000000,
55,15,18,12,2,NEAR,0,0,0,-2,0,1.0,,
56,15,18,11,2,NEAR_MISS,0,0,10,-1,1,0.0,4.500000,
57,15,18,11,1,NEAR,0,0,0,-2,0,1.0,,
58,15,18,11,1,NEF,0,1,16,0,0,1.0,,
59,15,18,11,1,NEAR,0,0,0,-2,0,0.0,,
60,15,18,11,2,NEAR_MISS,0,0,1,-1,0,1.0,,
61,15,18,11,1,NEAR,0,0,0,-2,0,1.0,,
62,15,18,11,1,NEAR,0,0,0,-2,0,1.0,,
63,15,18,11,1,NEAR_MISS,0,0,2,-1,0,1.0,,
64,15,18,11,1,NEAR,0,0,0,-3,0,0.0,,
65,15,18,11,2,NEAR_MISS,0,0,7,-1,51,0.0,1.500000;1.500000;1.500000;1.500000;1.500000;1.500000;1.500000;1.500000;1.500000;1.500000;1.500000;1.500000;1.500000;1.500000;1.500000;1.500000;1.500000;1.500000;1.500000;1.500000;1.500000;1.500000;1.500000;1.500000;1.500000;1.500000;1.500000;1.500000;1.500000;1.500000;1.500000;1.500000;1.500000;1.500000;1.500000;1.500000;1.500000;1.500000;1.500000;1.500000;1.500000;1.500000;1.500000;1.500000;1.500000;1.500000;1.500000;1.500000;1.500000;1.500000;1.500000,
66,15,18,11,1,NEAR_MISS,0,0,1,-1,0,1.0,,
67,15,18,12,1,NEAR,0,0,0,-2,0,0.0,,
68,15,18,12,1,NEAR,0,0,0,-2,0,1.0,,
69,15,18,12,1,NEAR_MISS,0,0,1,-1,0,1.0,,
70,15,18,12,2,NEF,0,1,2,0,0,1.0,,
71,15,18,12,2,NEAR,0,0,0,-2,0,0.0,,
72,15,18,12,1,NEAR,0,0,0,-2,0,1.0,,
73,15,18,12,1,NEAR_MISS,0,0,3,-1,0,1.0,,
74,15,18,12,1,NEAR,0,0,0,-2,0,0.0,,
75,15,18,12,1,NEAR_MISS,0,0,1,-1,0,0.0,,
76,15,18,12,1,NEAR,0,0,0,-3,0,1.0,,
77,15,18,12,1,NEF,0,1,6,0,1,-1.0,3.000000,
78,15,18,12,1,NEAR,0,0,0,-2,0,1.0,,
79,15,18,12,1,NEAR_MISS,0,0,4,-1,1,1.0,4.500000,
80,15,18,12,1,NEAR_MISS,0,0,1,-1,0,0.0,,
81,15,18,12,2,NEAR_MISS,0,0,8,-1,60,1.0,1.500000;1.500000;1.500000;1.500000;1.500000;1.500000;1.500000;1.500000;1.500000;1.500000;1.500000;1.500000;1.500000;1.500000;1.500000;1.500000;1.500000;1.500000;1.500000;1.500000;1.500000;1.500000;1.500000;1.500000;1.500000;1.500000;1.500000;1.500000;1.500000;1.500000;1.500000;1.500000;1.500000;1.500000;1.500000;1.500000;1.500000;1.500000;1.500000;1.500000;1.500000;1.500000;1.500000;1.500000;1.500000;1.500000;1.500000;1.500000;1.500000;1.500000;1.500000;1.500000;1.500000;1.500000;1.500000;1.500000;1.500000;1.500000;1.500000;1.500000,
82,15,18,12,1,NEAR,0,0,0,-2,0,0.0,,
83,15,18,12,1,NEAR_MISS,0,0,11,-1,1,0.0,3.000000,
84,15,18,12,1,NEAR,0,0,0,-2,0,0.0,,
85,15,18,13,1,NEAR,0,0,0,-2,0,0.0,,
86,15,18,12,1,NEAR_MISS,0,0,1,-1,0,1.0,,
87,15,18,12,1,NEAR,0,0,0,-2,0,0.0,,
88,15,18,12,1,NEAR,0,0,0,-2,0,1.0,,
89,15,18,12,1,NEAR_MISS,0,0,2,-1,0,0.0,,
90,15,18,12,1,NEAR_MISS,0,0,1,-1,0,1.0,,
91,15,18,12,1,NEAR_MISS,0,0,12,-1,75,1.0,1.500000;1.500000;1.500000;1.500000;1.500000;1.500000;1.500000;1.500000;1.500000;1.500000;1.500000;1.500000;1.500000;1.500000;1.500000;1.500000;1.500000;1.500000;1.500000;1.500000;1.500000;1.500000;1.500000;1.500000;1.500000;1.500000;1.500000;1.500000;1.500000;1.500000;1.500000;1.500000;1.500000;1.500000;1.500000;1.500000;1.500000;1.500000;1.500000;1.500000;1.500000;1.500000;1.500000;1.500000;1.500000;1.500000;1.500000;1.500000;1.500000;1.500000;1.500000;1.500000;1.500000;1.500000;1.500000;1.500000;1.500000;1.500000;1.500000;1.500000;1.500000;1.500000;1.500000;1.500000;1.500000;1.500000;1.500000;1.500000;1.500000;1.500000;1.500000;1.500000;1.500000;1.500000;1.500000,
92,15,18,12,1,NEAR_MISS,0,0,1,-1,0,1.0,,
93,15,18,12,1,NEAR,0,0,0,-2,0,1.0,,
94,15,18,13,1,NEAR_MISS,0,0,1,-1,0,1.0,,
95,15,18,12,1,NEAR,0,0,0,-2,0,1.0,,
96,15,18,12,1,NEAR_MISS,0,0,1,-1,0,0.0,,
97,15,18,12,1,NEAR,0,0,0,-2,0,1.0,,
98,15,18,12,1,NEAR,0,0,0,-2,0,1.0,,
99,15,18,12,1,NEAR,0,0,0,-3,0,1.0,,
100,15,18,12,1,NEAR,0,0,0,-2,0,0.0,,
101,15,18,12,1,NEAR,0,0,0,-2,0,1.0,,
102,15,18,12,1,NEAR_MISS,0,0,8,-1,1,1.0,3.000000,
103,15,18,12,1,NEAR,0,0,0,-3,0,1.0,,
104,15,18,12,1,NEAR_MISS,0,0,6,-1,58,0.0,1.500000;1.500000;1.500000;1.500000;1.500000;1.500000;1.500000;1.500000;1.500000;1.500000;1.500000;1.500000;1.500000;1.500000;1.500000;1.500000;1.500000;1.500000;1.500000;1.500000;1.500000;1.500000;1.500000;1.500000;1.500000;1.500000;1.500000;1.500000;1.500000;1.500000;1.500000;1.500000;1.500000;1.500000;1.500000;1.500000;1.500000;1.500000;1.500000;1.500000;1.500000;1.500000;1.500000;1.500000;1.500000;1.500000;1.500000;1.500000;1.500000;1.500000;1.500000;1.500000;1.500000;1.500000;1.500000;1.500000;1.500000;1.500000,
105,15,18,12,1,NEAR,0,0,0,-2,0,0.0,,
106,15,18,12,1,NEAR_MISS,0,0,8,-1,54,1.0,1.500000;1.500000;1.500000;1.500000;1.500000;1.500000;1.500000;1.500000;1.500000;1.500000;1.500000;1.500000;1.500000;1.500000;1.500000;1.500000;1.500000;1.500000;1.500000;1.500000;1.500000;1.500000;1.500000;1.500000;1.500000;1.500000;1.500000;1.500000;1.500000;1.500000;1.500000;1.500000;1.500000;1.500000;1.500000;1.500000;1.500000;1.500000;1.500000;1.500000;1.500000;1.500000;1.500000;1.500000;1.500000;1.500000;1.500000;1.500000;1.500000;1.500000;1.500000;1.500000;1.500000;1.500000,
107,15,18,13,1,NEAR,0,0,0,-2,0,1.0,,
108,15,18,12,2,NEAR_MISS,0,0,6,-1,41,1.0,1.500000;1.500000;1.500000;1.500000;1.500000;1.500000;1.500000;1.500000;1.500000;1.500000;1.500000;1.500000;1.500000;1.500000;1.500000;1.500000;1.500000;1.500000;1.500000;1.500000;1.500000;1.500000;1.500000;1.500000;1.500000;1.500000;1.500000;1.500000;1.500000;1.500000;1.500000;1.500000;1.500000;1.500000;1.500000;1.500000;1.500000;1.500000;1.500000;1.500000;1.500000,
109,15,18,12,1,NEAR_MISS,0,0,2,-1,0,1.0,,
110,15,18,12,1,NEAR_MISS,0,0,8,-1,52,1.0,1.500000;1.500000;1.500000;1.500000;1.500000;1.500000;1.500000;1.500000;1.500000;1.500000;1.500000;1.500000;1.500000;1.500000;1.500000;1.500000;1.500000;1.500000;1.500000;1.500000;1.500000;1.500000;1.500000;1.500000;1.500000;1.500000;1.500000;1.500000;1.500000;1.500000;1.500000;1.500000;1.500000;1.500000;1.500000;1.500000;1.500000;1.500000;1.500000;1.500000;1.500000;1.500000;1.500000;1.500000;1.500000;1.500000;1.500000;1.500000;1.500000;1.500000;1.500000;1.500000,
111,15,18,12,1,NEAR_MISS,0,0,2,-1,0,1.0,,
112,15,18,12,1,NEAR,0,0,0,-2,0,1.0,,
113,15,18,12,1,NEAR_MISS,0,0,9,-1,63,1.0,1.500000;1.500000;1.500000;1.500000;1.500000;1.500000;1.500000;1.500000;1.500000;1.500000;1.500000;1.500000;1.500000;1.500000;1.500000;1.500000;1.500000;1.500000;1.500000;1.500000;1.500000;1.500000;1.500000;1.500000;1.500000;1.500000;1.500000;1.500000;1.500000;1.500000;1.500000;1.500000;1.500000;1.500000;1.500000;1.500000;1.500000;1.500000;1.500000;1.500000;1.500000;1.500000;1.500000;1.500000;1.500000;1.500000;1.500000;1.500000;1.500000;1.500000;1.500000;1.500000;1.500000;1.500000;1.500000;1.500000;1.500000;1.500000;1.500000;1.500000;1.500000;1.500000;1.500000,
114,15,18,12,1,NEAR,0,0,0,-2,0,1.0,,
115,15,18,13,1,NEAR,0,0,0,-2,0,1.0,,
116,15,18,13,2,NEAR_MISS,0,0,1,-1,0,1.0,,
117,15,18,12,2,NEAR_MISS,0,0,3,-1,0,1.0,,
118,15,18,12,1,NEAR_MISS,0,0,11,-1,1,1.0,3.000000,
119,15,18,12,1,NEF,0,1,15,0,0,1.0,,
120,15,18,12,1,NEAR_MISS,0,0,7,-1,1,1.0,3.000000,
121,15,18,12,1,NEAR,0,0,0,-2,0,0.0,,
122,15,18,13,1,NEAR_MISS,0,0,1,-1,0,-1.0,,
123,15,18,12,1,NEAR_MISS,0,0,1,-1,0,0.0,,
124,15,18,12,1,NEF,0,1,6,0,1,-1.0,3.000000,
125,15,18,12,2,NEAR,0,0,0,-2,0,1.0,,
126,15,18,13,1,NEAR,0,0,0,-2,0,1.0,,
127,15,18,12,1,NEAR_MISS,0,0,1,-1,0,1.0,,
128,15,18,12,1,NEAR,0,0,0,-2,0,1.0,,
129,15,18,13,1,NEAR,0,0,0,-2,0,1.0,,
130,15,18,12,1,NEAR,0,0,0,-2,0,1.0,,
131,15,18,12,1,NEAR,0,0,0,-2,0,1.0,,
132,15,18,13,1,NEAR,0,0,0,-3,0,1.0,,
133,15,18,12,2,NEAR,0,0,0,-2,0,0.0,,
134,15,18,12,1,NEAR,0,0,0,-4,0,1.0,,
135,15,18,12,1,NEAR,0,0,0,-2,0,1.0,,
136,15,18,12,1,NEAR,0,0,0,-2,0,0.0,,
137,15,18,12,1,NEAR_MISS,0,0,8,-1,53,0.0,1.500000;1.500000;1.500000;1.500000;1.500000;1.500000;1.500000;1.500000;1.500000;1.500000;1.500000;1.500000;1.500000;1.500000;1.500000;1.500000;1.500000;1.500000;1.500000;1.500000;1.500000;1.500000;1.500000;1.500000;1.500000;1.500000;1.500000;1.500000;1.500000;1.500000;1.500000;1.500000;1.500000;1.500000;1.500000;1.500000;1.500000;1.500000;1.500000;1.500000;1.500000;1.500000;1.500000;1.500000;1.500000;1.500000;1.500000;1.500000;1.500000;1.500000;1.500000;1.500000;1.500000,
138,15,18,13,1,NEAR_MISS,0,0,1,-1,0,0.0,,
139,15,18,12,2,NEAR,0,0,0,-2,0,1.0,,
140,15,18,12,1,NEAR_MISS,0,0,1,-1,0,1.0,,
141,15,18,12,1,NEAR,0,0,0,-2,0,1.0,,
142,15,18,12,1,NEAR,0,0,0,-2,0,1.0,,
143,15,18,12,1,NEAR,0,0,0,-2,0,1.0,,
144,15,18,12,2,NEAR,0,0,0,-2,0,1.0,,
145,15,18,12,1,NEAR_MISS,0,0,1,-1,0,1.0,,
146,15,18,12,1,NEAR,0,0,0,-2,0,1.0,,
147,15,18,12,1,NEAR_MISS,0,0,10,-1,1,1.0,3.000000,
148,15,18,12,1,NEAR_MISS,0,0,2,-1,0,1.0,,
149,15,18,12,1,NEAR,0,0,0,-2,0,1.0,,
150,15,18,12,1,NEAR_MISS,0,0,1,-1,0,1.0,,
151,15,18,12,1,NEAR,0,0,0,-2,0,1.0,,
152,15,18,12,1,NEF,0,1,5,0,0,1.0,,
153,15,18,13,1,NEAR,0,0,0,-2,0,1.0,,
154,15,18,12,1,NEAR,0,0,0,-2,0,1.0,,
155,15,18,13,2,NEAR,0,0,0,-2,0,0.0,,
156,15,18,13,1,NEAR,0,0,0,-2,0,0.0,,
157,15,18,13,4,NEAR,0,0,0,-2,0,1.0,,
158,15,18,13,1,NEF,0,1,0,0,0,1.0,,
159,15,18,13,1,NEAR,0,0,0,-2,0,1.0,,
160,15,18,13,2,NEAR,0,0,0,-2,0,1.0,,
161,15,18,13,1,NEAR_MISS,0,0,2,-1,0,1.0,,
162,15,18,13,1,NEAR_MISS,0,0,5,-1,1,1.0,4.500000,
163,15,18,13,1,NEAR,0,0,0,-2,0,1.0,,
164,15,18,13,1,NEF,0,1,10,0,1,1.0,2.000000,
165,15,18,13,1,NEAR,0,0,0,-2,0,1.0,,
166,15,18,13,1,NEAR,0,0,0,-2,0,1.0,,
167,15,18,13,1,NEAR,0,0,0,-2,0,1.0,,
168,15,18,13,2,NEAR,0,0,0,-2,0,1.0,,
169,15,18,13,1,NEF,0,1,12,0,0,1.0,,
170,15,18,13,1,NEAR_MISS,0,0,3,-1,0,1.0,,
171,15,18,13,1,NEAR_MISS,0,0,13,-1,1,1.0,3.000000,
172,15,18,13,1,NEAR_MISS,0,0,1,-1,0,1.0,,
173,15,18,13,1,NEAR,0,0,0,-2,0,1.0,,
174,15,18,13,1,NEAR,0,0,0,-2,0,1.0,,
175,15,18,13,1,NEAR,0,0,0,-2,0,0.0,,
176,15,18,13,1,NEAR_MISS,0,0,1,-1,0,1.0,,
177,15,18,13,1,NEAR,0,0,0,-2,0,1.0,,
178,15,18,13,1,NEAR_MISS,0,0,2,-1,0,1.0,,
179,15,18,13,1,NEAR,0,0,0,-2,0,1.0,,
180,15,18,13,1,NEAR_MISS,0,0,13,-1,1,0.0,4.500000,
181,15,18,13,1,NEAR,0,0,0,-2,0,1.0,,
182,15,18,13,1,NEAR,0,0,0,-2,0,1.0,,
183,15,18,13,1,NEAR,0,0,0,-2,0,0.0,,
184,15,18,13,1,NEAR,0,0,0,-2,0,1.0,,
185,15,18,13,1,NEAR,0,0,0,-2,0,0.0,,
186,15,18,13,1,NEAR_MISS,0,0,1,-1,0,1.0,,
187,15,18,13,1,NEAR,0,0,0,-2,0,1.0,,
188,15,18,13,1,NEAR,0,0,0,-2,0,1.0,,
189,15,18,13,2,NEAR_MISS,0,0,4,-1,0,1.0,,
190,15,18,13,1,NEAR,0,0,0,-2,0,1.0,,
191,15,18,13,2,NEAR_MISS,0,0,1,-1,0,1.0,,
192,15,18,13,2,NEAR_MISS,0,0,8,-1,1,1.0,3.000000,
193,15,18,13,1,NEAR_MISS,0,0,6,-1,1,1.0,3.000000,
194,15,18,13,1,NEAR,0,0,0,-2,0,1.0,,
195,15,18,13,1,NEAR_MISS,0,0,6,-1,1,1.0,3.000000,
196,15,18,13,1,NEAR_MISS,0,0,1,-1,0,1.0,,
197,15,18,13,1,NEAR_MISS,0,0,2,-1,0,1.0,,
198,15,18,13,2,NEAR_MISS,0,0,1,-1,0,1.0,,
199,15,18,13,2,NEAR_MISS,0,0,1,-1,0,1.0,,
200,15,18,13,1,NEAR_MISS,0,0,1,-1,0,1.0,,
201,15,18,13,2,NEAR_MISS,0,0,4,-1,1,1.0,4.500000,
202,15,18,13,1,NEAR,0,0,0,-2,0,1.0,,
203,15,18,13,1,NEAR,0,0,0,-2,0,0.0,,
204,15,18,13,1,NEAR,0,0,0,-2,0,1.0,,
205,15,18,13,1,NEAR_MISS,0,0,2,-1,0,1.0,,
206,15,18,13,1,NEAR_MISS,0,0,2,-1,0,1.0,,
207,15,18,13,1,NEAR,0,0,0,-3,0,1.0,,
208,15,18,13,1,NEAR_MISS,0,0,1,-1,0,1.0,,
209,15,18,13,1,NEAR_MISS,0,0,2,-1,0,1.0,,
210,15,18,13,1,NEAR,0,0,0,-2,0,1.0,,
211,15,18,13,1,NEAR_MISS,0,0,1,-1,0,1.0,,
212,15,18,13,1,NEAR,0,0,0,-2,0,1.0,,
213,15,18,13,2,NEAR,0,0,0,-2,0,1.0,,
214,15,18,13,1,NEAR_MISS,0,0,2,-1,0,1.0,,
215,15,18,13,1,NEAR_MISS,0,0,2,-1,0,1.0,,
216,15,18,13,1,NEAR,0,0,0,-2,0,1.0,,
217,15,18,13,1,NEAR_MISS,0,0,1,-1,0,1.0,,
218,15,18,13,2,NEAR,0,0,0,-2,0,1.0,,
219,15,18,14,2,NEAR_MISS,0,0,1,-1,0,1.0,,
220,15,18,13,1,NEAR,0,0,0,-2,0,1.0,,
221,15,18,13,1,NEAR_MISS,0,0,1,-1,0,1.0,,
222,15,18,13,1,NEAR,0,0,0,-2,0,1.0,,
223,15,18,13,1,NEAR,0,0,0,-2,0,1.0,,
224,15,18,13,2,NEAR,0,0,0,-2,0,1.0,,
225,15,18,13,1,NEAR,0,0,0,-2,0,1.0,,
226,15,18,13,1,NEAR_MISS,0,0,1,-1,0,1.0,,
227,15,18,13,1,NEAR,0,0,0,-2,0,1.0,,
228,15,18,13,1,NEAR,0,0,0,-2,0,1.0,,
229,15,18,13,1,NEAR_MISS,0,0,1,-1,0,1.0,,
230,15,18,13,1,NEAR_MISS,0,0,9,-1,60,1.0,1.500000;1.500000;1.500000;1.500000;1.500000;1.500000;1.500000;1.500000;1.500000;1.500000;1.500000;1.500000;1.500000;1.500000;1.500000;1.500000;1.500000;1.500000;1.500000;1.500000;1.500000;1.500000;1.500000;1.500000;1.500000;1.500000;1.500000;1.500000;1.500000;1.500000;1.500000;1.500000;1.500000;1.500000;1.500000;1.500000;1.500000;1.500000;1.500000;1.500000;1.500000;1.500000;1.500000;1.500000;1.500000;1.500000;1.500000;1.500000;1.500000;1.500000;1.500000;1.500000;1.500000;1.500000;1.500000;1.500000;1.500000;1.500000;1.500000;1.500000,
231,15,18,13,1,NEAR_MISS,0,0,1,-1,0,1.0,,
232,15,18,13,1,NEAR_MISS,0,0,1,-1,0,1.0,,
233,15,18,13,1,NEAR_MISS,0,0,1,-1,0,1.0,,
234,15,18,13,1,NEAR_MISS,0,0,15,-1,1,0.0,4.500000,
235,15,18,13,1,NEAR,0,0,0,-2,0,0.0,,
236,15,18,13,4,NEAR_MISS,0,0,7,-1,1,1.0,3.000000,
237,15,18,13,2,NEAR_MISS,0,0,14,-1,1,1.0,3.000000,
238,15,18,13,2,NEAR_MISS,0,0,6,-1,1,1.0,3.000000,
239,15,18,13,1,NEAR_MISS,0,0,4,-1,0,1.0,,
240,15,18,13,1,NEAR_MISS,0,0,13,-1,1,1.0,3.000000,
241,15,18,13,1,NEAR_MISS,0,0,1,-1,0,1.0,,
242,15,18,13,1,NEAR,0,0,0,-2,0,1.0,,
243,15,18,13,1,NEAR,0,0,0,-2,0,1.0,,
244,15,18,13,1,NEAR,0,0,0,-2,0,0.0,,
245,15,18,13,1,NEAR_MISS,0,0,1,-1,0,1.0,,
246,15,18,13,1,NEF,0,1,17,0,0,1.0,,
247,15,18,13,1,NEAR_MISS,0,0,2,-1,0,1.0,,
248,15,18,13,1,NEAR_MISS,0,0,6,-1,1,0.0,3.000000,
249,15,18,13,2,NEF,0,1,6,0,1,-1.0,3.000000,
250,15,18,13,1,NEAR,0,0,0,-2,0,1.0,,
251,15,18,13,1,NEAR_MISS,0,0,3,-1,0,1.0,,
252,15,18,13,1,NEAR_MISS,0,0,1,-1,0,1.0,,
253,15,18,13,1,NEAR,0,0,0,-2,0,1.0,,
254,15,18,13,1,NEAR,0,0,0,-2,0,0.0,,
255,15,18,14,1,NEAR_MISS,0,0,1,-1,0,1.0,,
256,15,18,13,1,NEAR_MISS,0,0,1,-1,0,1.0,,
257,15,18,13,1,NEAR,0,0,0,-2,0,0.0,,
258,15,18,13,1,NEAR_MISS,0,0,15,-1,1,1.0,3.000000,
259,15,18,13,1,NEAR,0,0,0,-2,0,1.0,,
260,15,18,13,1,NEAR,0,0,0,-2,0,1.0,,
261,15,18,13,1,NEAR_MISS,0,0,12,-1,1,1.0,3.000000,
262,15,18,13,1,NEAR,0,0,0,-2,0,1.0,,
263,15,18,13,1,NEAR,0,0,0,-2,0,1.0,,
264,15,18,13,1,NEAR,0,0,0,-3,0,1.0,,
265,15,18,13,2,NEAR,0,0,0,-2,0,0.0,,
266,15,18,14,1,NEAR,0,0,0,-2,0,1.0,,
267,15,18,13,1,NEAR_MISS,0,0,2,-1,0,1.0,,
268,15,18,13,1,NEAR_MISS,0,0,10,-1,62,1.0,1.500000;1.500000;1.500000;1.500000;1.500000;1.500000;1.500000;1.500000;1.500000;1.500000;1.500000;1.500000;1.500000;1.500000;1.500000;1.500000;1.500000;1.500000;1.500000;1.500000;1.500000;1.500000;1.500000;1.500000;1.500000;1.500000;1.500000;1.500000;1.500000;1.500000;1.500000;1.500000;1.500000;1.500000;1.500000;1.500000;1.500000;1.500000;1.500000;1.500000;1.500000;1.500000;1.500000;1.500000;1.500000;1.500000;1.500000;1.500000;1.500000;1.500000;1.500000;1.500000;1.500000;1.500000;1.500000;1.500000;1.500000;1.500000;1.500000;1.500000;1.500000;1.500000,
269,15,18,13,1,NEAR,0,0,0,-2,0,1.0,,
270,15,18,13,1,NEAR,0,0,0,-2,0,1.0,,
271,15,18,13,1,NEAR,0,0,0,-2,0,1.0,,
272,15,18,13,2,NEAR_MISS,0,0,5,-1,1,1.0,4.500000,
273,15,18,13,1,NEAR_MISS,0,0,3,-1,0,1.0,,
274,15,18,13,1,NEAR_MISS,0,0,2,-1,0,1.0,,
275,15,18,13,1,NEAR_MISS,0,0,2,-1,0,1.0,,
276,15,18,15,1,NEAR,0,0,0,-2,0,1.0,,
277,15,18,13,1,NEF,0,1,17,0,0,1.0,,
278,15,18,13,1,NEAR,0,0,0,-2,0,1.0,,
279,15,18,13,1,NEAR,0,0,0,-3,0,1.0,,
280,15,18,13,1,NEAR,0,0,0,-2,0,1.0,,
281,15,18,13,1,NEAR_MISS,0,0,1,-1,0,1.0,,
282,15,18,13,1,NEAR,0,0,0,-2,0,1.0,,
283,15,18,13,1,NEAR,0,0,0,-3,0,1.0,,
284,15,18,13,1,NEAR_MISS,0,0,9,-1,1,1.0,3.000000,
285,15,18,15,1,NEAR_MISS,0,0,2,-1,0,1.0,,
286,15,18,13,1,NEAR,0,0,0,-2,0,1.0,,
287,15,18,13,1,NEAR,0,0,0,-2,0,1.0,,
288,15,18,13,1,NEAR,0,0,0,-2,0,1.0,,
289,15,18,14,1,NEAR_MISS,0,0,1,-1,0,1.0,,
290,15,18,14,1,NEF,0,1,9,0,1,1.0,3.000000,
291,15,18,13,1,NEAR,0,0,0,-2,0,1.0,,
292,15,18,13,1,NEAR_MISS,0,0,1,-1,0,1.0,,
293,15,18,13,1,NEAR,0,0,0,-2,0,1.0,,
294,15,18,13,2,NEAR_MISS,0,0,10,-1,1,1.0,3.000000,
295,15,18,13,1,NEAR,0,0,0,-2,0,1.0,,
296,15,18,13,1,NEAR,0,0,0,-2,0,1.0,,
297,15,18,13,1,NEAR_MISS,0,0,1,-1,0,1.0,,
298,15,18,13,2,NEAR_MISS,0,0,6,-1,1,1.0,3.000000,
299,15,18,13,2,NEAR_MISS,0,0,9,-1,1,1.0,3.000000,
300,15,18,13,1,NEAR_MISS,0,0,2,-1,0,1.0,,
301,15,18,13,2,NEAR,0,0,0,-2,0,1.0,,
302,15,18,13,2,NEAR_MISS,0,0,2,-1,0,1.0,,
303,15,18,13,1,NEAR_MISS,0,0,2,-1,0,1.0,,
304,15,18,14,2,NEAR,0,0,0,-4,0,1.0,,
305,15,18,13,1,NEAR,0,0,0,-2,0,1.0,,
306,15,18,13,1,NEAR,0,0,0,-2,0,1.0,,
307,15,18,13,1,NEAR,0,0,0,-2,0,1.0,,
308,15,18,13,1,NEAR,0,0,0,-2,0,1.0,,
309,15,18,13,1,NEAR_MISS,0,0,2,-1,0,1.0,,
310,15,18,13,2,NEAR_MISS,0,0,1,-1,0,1.0,,
311,15,18,13,2,NEAR,0,0,0,-2,0,1.0,,
312,15,18,13,1,NEAR_MISS,0,0,1,-1,0,0.0,,
313,15,18,13,2,NEAR_MISS,0,0,7,-1,1,1.0,3.000000,
314,15,18,14,1,NEAR,0,0,0,-2,0,1.0,,
315,15,18,14,1,NEAR,0,0,0,-2,0,1.0,,
316,15,18,14,2,NEAR,0,0,0,-2,0,1.0,,
317,15,18,14,1,NEAR,0,0,0,-2,0,1.0,,
318,15,18,14,1,NEAR,0,0,0,-2,0,1.0,,
319,15,18,14,1,NEAR_MISS,0,0,1,-1,0,1.0,,
320,15,18,14,1,NEAR,0,0,0,-2,0,1.0,,
321,15,18,14,1,NEAR_MISS,0,0,10,-1,1,1.0,3.000000,
322,15,18,14,1,NEAR,0,0,0,-2,0,1.0,,
323,15,18,14,1,NEAR,0,0,0,-2,0,1.0,,
324,15,18,14,1,NEAR_MISS,0,0,1,-1,0,1.0,,
325,15,18,15,2,NEAR,0,0,0,-2,0,1.0,,
326,15,18,14,1,NEAR_MISS,0,0,1,-1,0,1.0,,
327,15,18,14,1,NEAR_MISS,0,0,3,-1,0,1.0,,
328,15,18,14,1,NEAR_MISS,0,0,1,-1,0,1.0,,
329,15,18,14,1,NEAR,0,0,0,-2,0,0.0,,
330,15,18,14,1,NEAR,0,0,0,-2,0,0.0,,
331,15,18,14,1,NEAR_MISS,0,0,2,-1,0,1.0,,
332,15,18,14,1,NEAR,0,0,0,-2,0,1.0,,
333,15,18,14,1,NEAR_MISS,0,0,1,-1,0,1.0,,
334,15,18,14,1,NEAR,0,0,0,-2,0,1.0,,
335,15,18,14,1,NEAR_MISS,0,0,1,-1,0,1.0,,
336,15,18,14,2,NEAR,0,0,0,-2,0,1.0,,
337,15,18,14,2,NEAR,0,0,0,-2,0,1.0,,
338,15,18,14,1,NEAR,0,0,0,-2,0,1.0,,
339,15,18,15,1,NEAR,0,0,0,-2,0,1.0,,
340,15,18,15,1,NEAR,0,0,0,-2,0,1.0,,
341,15,18,15,1,NEAR,0,0,0,-2,0,1.0,,
342,15,18,14,1,NEAR,0,0,0,-2,0,1.0,,
343,15,18,15,2,NEAR,0,0,0,-2,0,1.0,,
344,15,18,14,2,NEAR,0,0,0,-2,0,1.0,,
345,15,18,14,1,NEAR,0,0,0,-2,0,1.0,,
346,15,18,14,1,NEAR,0,0,0,-2,0,1.0,,
347,15,18,14,1,NEAR,0,0,0,-2,0,1.0,,
348,15,18,14,1,NEAR_MISS,0,0,1,-1,0,1.0,,
349,15,18,14,1,NEAR_MISS,0,0,1,-1,0,1.0,,
350,15,18,14,1,NEAR_MISS,0,0,11,-1,1,1.0,6.000000,
351,15,18,14,1,NEAR,0,0,0,-2,0,1.0,,
352,15,18,15,1,NEAR,0,0,0,-2,0,1.0,,
353,15,18,14,1,NEAR_MISS,0,0,2,-1,0,1.0,,
354,15,18,14,1,NEAR_MISS,0,0,1,-1,0,1.0,,
355,15,18,15,1,NEAR_MISS,0,0,1,-1,0,1.0,,
356,15,18,14,1,NEAR,0,0,0,-2,0,0.0,,
357,15,18,14,1,NEAR_MISS,0,0,2,-1,0,1.0,,
358,15,18,14,1,NEAR_MISS,0,0,1,-1,0,1.0,,
359,15,18,14,1,NEAR_MISS,0,0,1,-1,0,1.0,,
360,15,18,14,1,NEAR,0,0,0,-2,0,1.0,,
361,15,18,14,1,NEAR_MISS,0,0,1,-1,0,1.0,,
362,15,18,14,1,NEAR,0,0,0,-2,0,1.0,,
363,15,18,14,1,NEAR_MISS,0,0,2,-1,0,1.0,,
364,15,18,14,2,NEAR,0,0,0,-2,0,1.0,,
365,15,18,14,1,NEAR_MISS,0,0,2,-1,0,1.0,,
366,15,18,14,1,NEAR_MISS,0,0,2,-1,0,1.0,,
367,15,18,14,1,NEAR,0,0,0,-2,0,1.0,,
368,15,18,14,1,NEAR_MISS,0,0,2,-1,0,0.0,,
369,15,18,14,1,NEAR,0,0,0,-2,0,1.0,,
370,15,18,14,1,NEAR_MISS,0,0,3,-1,0,1.0,,
371,15,18,14,1,NEAR,0,0,0,-2,0,1.0,,
372,15,18,14,1,NEAR_MISS,0,0,1,-1,0,1.0,,
373,15,18,14,1,NEAR_MISS,0,0,1,-1,0,1.0,,
374,15,18,14,1,NEAR_MISS,0,0,3,-1,0,1.0,,
375,15,18,14,1,NEAR,0,0,0,-2,0,1.0,,
376,15,18,14,1,NEAR,0,0,0,-2,0,0.0,,
377,15,18,14,1,NEAR_MISS,0,0,1,-1,0,1.0,,
378,15,18,14,1,NEAR,0,0,0,-2,0,0.0,,
379,15,18,14,2,NEAR,0,0,0,-2,0,1.0,,
380,15,18,14,2,NEAR_MISS,0,0,2,-1,0,1.0,,
381,15,18,14,1,NEF,0,1,17,0,0,1.0,,
382,15,18,14,1,NEAR_MISS,0,0,1,-1,0,1.0,,
383,15,18,14,1,NEAR,0,0,0,-2,0,1.0,,
384,15,18,14,1,NEAR,0,0,0,-2,0,1.0,,
385,15,18,14,1,NEAR_MISS,0,0,1,-1,0,1.0,,
386,15,18,14,1,NEF,0,1,19,0,0,1.0,,
387,15,18,14,1,NEAR_MISS,0,0,13,-1,1,1.0,3.000000,
388,15,18,14,1,NEAR_MISS,0,0,9,-1,1,1.0,6.000000,
389,15,18,14,1,NEAR,0,0,0,-2,0,1.0,,
390,15,18,14,1,NEAR,0,0,0,-2,0,1.0,,
391,15,18,14,1,NEAR,0,0,0,-2,0,1.0,,
392,15,18,14,1,NEAR_MISS,0,0,11,-1,59,1.0,1.500000;1.500000;1.500000;1.500000;1.500000;1.500000;1.500000;1.500000;1.500000;1.500000;1.500000;1.500000;1.500000;1.500000;1.500000;1.500000;1.500000;1.500000;1.500000;1.500000;1.500000;1.500000;1.500000;1.500000;1.500000;1.500000;1.500000;1.500000;1.500000;1.500000;1.500000;1.500000;1.500000;1.500000;1.500000;1.500000;1.500000;1.500000;1.500000;1.500000;1.500000;1.500000;1.500000;1.500000;1.500000;1.500000;1.500000;1.500000;1.500000;1.500000;1.500000;1.500000;1.500000;1.500000;1.500000;1.500000;1.500000;1.500000;1.500000,
393,15,18,14,1,NEAR_MISS,0,0,4,-1,0,1.0,,
394,15,18,14,1,NEAR,0,0,0,-2,0,1.0,,
395,15,18,14,1,NEAR_MISS,0,0,2,-1,0,1.0,,
396,15,18,14,1,NEAR,0,0,0,-2,0,1.0,,
397,15,18,14,1,NEAR_MISS,0,0,12,-1,1,1.0,6.000000,
398,15,18,14,1,NEAR,0,0,0,-2,0,1.0,,
399,15,18,14,1,NEAR,0,0,0,-2,0,0.0,,
400,15,18,15,2,NEAR,0,0,0,-4,0,1.0,,
401,15,18,14,1,NEAR_MISS,0,0,1,-1,0,1.0,,
402,15,18,14,1,NEAR,0,0,0,-2,0,1.0,,
403,15,18,14,1,NEAR,0,0,0,-2,0,1.0,,
404,15,18,15,1,NEAR_MISS,0,0,10,-1,1,1.0,2.250000,
405,15,18,15,1,NEAR,0,0,0,-2,0,1.0,,
406,15,18,14,1,NEAR_MISS,0,0,2,-1,0,1.0,,
407,15,18,14,1,NEAR,0,0,0,-2,0,1.0,,
408,15,18,14,1,NEAR,0,0,0,-2,0,1.0,,
409,15,18,14,1,NEAR,0,0,0,-2,0,1.0,,
410,15,18,14,1,NEAR,0,0,0,-2,0,1.0,,
411,15,18,14,1,NEAR,0,0,0,-2,0,1.0,,
412,15,18,14,1,NEAR,0,0,0,-2,0,1.0,,
413,15,18,14,2,NEAR,0,0,0,-2,0,1.0,,
414,15,18,14,1,NEAR_MISS,0,0,2,-1,0,1.0,,
415,15,18,14,1,NEAR,0,0,0,-2,0,1.0,,
416,15,18,14,1,NEF,0,1,10,0,1,1.0,3.000000,
417,15,18,14,1,NEAR,0,0,0,-2,0,1.0,,
418,15,18,14,1,NEAR_MISS,0,0,1,-1,0,1.0,,
419,15,18,14,1,NEAR_MISS,0,0,1,-1,0,1.0,,
420,15,18,14,1,NEAR_MISS,0,0,3,-1,0,1.0,,
421,15,18,14,1,NEAR_MISS,0,0,1,-1,0,1.0,,
422,15,18,14,1,NEAR_MISS,0,0,4,-1,0,1.0,,
423,15,18,14,1,NEAR,0,0,0,-2,0,1.0,,
424,15,18,14,1,NEAR_MISS,0,0,1,-1,0,1.0,,
425,15,18,14,1,NEAR_MISS,0,0,11,-1,1,1.0,3.000000,
426,15,18,15,2,NEAR,0,0,0,-2,0,1.0,,
427,15,18,14,1,NEAR,0,0,0,-2,0,1.0,,
428,15,18,14,1,NEAR,0,0,0,-2,0,1.0,,
429,15,18,15,1,NEAR,0,0,0,-2,0,1.0,,
430,15,18,14,1,NEAR_MISS,0,0,1,-1,0,1.0,,
431,15,18,14,1,NEAR,0,0,0,-2,0,1.0,,
432,15,18,14,1,NEAR,0,0,0,-2,0,1.0,,
433,15,18,14,1,NEAR_MISS,0,0,1,-1,0,1.0,,
434,15,18,14,1,NEAR,0,0,0,-2,0,1.0,,
435,15,18,14,1,NEAR,0,0,0,-2,0,1.0,,
436,15,18,14,1,NEAR_MISS,0,0,2,-1,0,1.0,,
437,15,18,14,1,NEAR,0,0,0,-2,0,1.0,,
438,15,18,14,1,NEAR,0,0,0,-2,0,1.0,,
439,15,18,15,1,NEAR_MISS,0,0,2,-1,0,1.0,,
440,15,18,14,1,NEAR_MISS,0,0,4,-1,0,1.0,,
441,15,18,15,1,NEAR,0,0,0,-2,0,1.0,,
442,15,18,14,1,NEAR,0,0,0,-2,0,1.0,,
443,15,18,15,1,NEAR,0,0,0,-3,0,1.0,,
444,15,18,14,1,NEAR_MISS,0,0,1,-1,0,1.0,,
445,15,18,14,1,NEAR,0,0,0,-2,0,1.0,,
446,15,18,14,1,NEAR_MISS,0,0,1,-1,0,1.0,,
447,15,18,14,1,NEAR,0,0,0,-2,0,1.0,,
448,15,18,14,1,NEAR,0,0,0,-2,0,1.0,,
449,15,18,14,1,NEAR,0,0,0,-2,0,1.0,,
450,15,18,14,1,NEAR,0,0,0,-2,0,1.0,,
451,15,18,14,1,NEAR,0,0,0,-3,0,1.0,,
452,15,18,14,1,NEAR,0,0,0,-2,0,1.0,,
453,15,18,14,1,NEAR,0,0,0,-2,0,1.0,,
454,15,18,14,1,NEAR,0,0,0,-2,0,1.0,,
455,15,18,14,1,NEAR,0,0,0,-2,0,1.0,,
456,15,18,14,1,NEAR,0,0,0,-2,0,1.0,,
457,15,18,14,1,NEAR,0,0,0,-2,0,1.0,,
458,15,18,14,1,NEAR,0,0,0,-2,0,1.0,,
459,15,18,15,1,NEAR,0,0,0,-3,0,1.0,,
460,15,18,15,4,NEAR,0,0,0,-2,0,1.0,,
461,15,18,15,1,NEAR,0,0,0,-2,0,1.0,,
462,15,18,15,1,NEAR_MISS,0,0,1,-1,0,1.0,,
463,15,18,15,1,NEAR,0,0,0,-2,0,1.0,,
464,15,18,15,1,NEAR_MISS,0,0,12,-1,1,0.0,4.500000,
465,15,18,15,1,NEAR_MISS,0,0,13,-1,1,1.0,3.000000,
466,15,18,15,1,NEAR,0,0,0,-2,0,1.0,,
467,15,18,15,1,NEAR,0,0,0,-2,0,1.0,,
468,15,18,15,1,NEAR_MISS,0,0,1,-1,0,1.0,,
469,15,18,15,1,NEAR,0,0,0,-2,0,1.0,,
470,15,18,16,1,NEAR,0,0,0,-2,0,1.0,,
471,15,18,15,1,NEAR,0,0,0,-2,0,1.0,,
472,15,18,15,1,NEAR,0,0,0,-2,0,1.0,,
473,15,18,15,1,NEAR,0,0,0,-2,0,0.0,,
474,15,18,15,1,NEAR_MISS,0,0,1,-1,0,1.0,,
475,15,18,15,2,NEAR,0,0,0,-2,0,1.0,,
476,15,18,15,1,NEAR,0,0,0,-2,0,1.0,,
477,15,18,15,1,NEAR,0,0,0,-2,0,1.0,,
478,15,18,15,1,NEAR_MISS,0,0,1,-1,0,1.0,,
479,15,18,15,1,NEAR,0,0,0,-2,0,1.0,,
480,15,18,15,1,NEAR,0,0,0,-2,0,1.0,,
481,15,18,15,1,NEAR,0,0,0,-2,0,1.0,,
482,15,18,15,1,NEAR,0,0,0,-2,0,1.0,,
483,15,18,15,1,NEAR,0,0,0,-2,0,1.0,,
484,15,18,15,1,NEAR,0,0,0,-2,0,1.0,,
485,15,18,16,1,NEAR,0,0,0,-2,0,1.0,,
486,15,18,15,1,NEAR,0,0,0,-2,0,1.0,,
487,15,18,15,1,NEAR,0,0,0,-2,0,1.0,,
488,15,18,15,1,NEAR,0,0,0,-2,0,1.0,,
489,15,18,15,1,NEAR,0,0,0,-2,0,1.0,,
490,15,18,15,1,NEAR,0,0,0,-2,0,1.0,,
491,15,18,15,1,NEAR,0,0,0,-2,0,1.0,,
492,15,18,15,2,NEAR,0,0,0,-2,0,1.0,,
493,15,18,15,1,NEAR_MISS,0,0,1,-1,0,1.0,,
494,15,18,15,1,NEAR,0,0,0,-2,0,1.0,,
495,15,18,15,1,NEAR,0,0,0,-2,0,1.0,,
496,15,18,15,1,NEAR_MISS,0,0,1,-1,0,1.0,,
497,15,18,15,1,NEAR,0,0,0,-2,0,1.0,,
498,15,18,16,1,NEAR,0,0,0,-2,0,1.0,,
499,15,18,15,2,NEAR,0,0,0,-2,0,1.0,,
500,15,18,15,1,NEAR,0,0,0,-2,0,1.0,,
501,15,18,15,1,NEAR_MISS,0,0,15,-1,1,1.0,3.000000,
502,15,18,15,1,NEAR,0,0,0,-2,0,1.0,,
503,15,18,15,1,NEAR_MISS,0,0,2,-1,0,1.0,,
504,15,18,15,1,NEAR,0,0,0,-2,0,1.0,,
505,15,18,15,1,NEAR,0,0,0,-2,0,1.0,,
506,15,18,15,2,NEAR_MISS,0,0,1,-1,0,1.0,,
507,15,18,15,1,NEAR,0,0,0,-2,0,1.0,,
508,15,18,15,1,NEAR,0,0,0,-2,0,1.0,,
509,15,18,15,1,NEAR_MISS,0,0,1,-1,0,1.0,,
510,15,18,15,1,NEAR_MISS,0,0,2,-1,0,1.0,,
511,15,18,15,1,NEAR,0,0,0,-2,0,1.0,,
512,15,18,15,1,NEAR,0,0,0,-2,0,1.0,,
513,15,18,15,1,NEAR,0,0,0,-2,0,1.0,,
514,15,18,15,1,NEAR_MISS,0,0,1,-1,0,1.0,,
515,15,18,15,1,NEAR,0,0,0,-2,0,1.0,,
516,15,18,15,1,NEAR,0,0,0,-2,0,1.0,,
517,15,18,15,1,NEAR_MISS,0,0,2,-1,0,1.0,,
518,15,18,15,1,NEAR,0,0,0,-2,0,1.0,,
519,15,18,15,1,NEAR_MISS,0,0,1,-1,0,1.0,,
520,15,18,15,1,NEAR,0,0,0,-2,0,1.0,,
521,15,18,15,1,NEAR_MISS,0,0,1,-1,0,1.0,,
522,15,18,15,1,NEAR,0,0,0,-2,0,1.0,,
523,15,18,15,1,NEAR,0,0,0,-2,0,1.0,,
524,15,18,15,1,NEAR,0,0,0,-2,0,1.0,,
525,15,18,15,1,NEAR_MISS,0,0,1,-1,0,1.0,,
526,15,18,15,1,NEAR,0,0,0,-2,0,1.0,,
527,15,18,15,1,NEAR,0,0,0,-2,0,1.0,,
528,15,18,15,1,NEAR_MISS,0,0,1,-1,0,1.0,,
529,15,18,15,1,NEAR,0,0,0,-2,0,1.0,,
530,15,18,15,1,NEAR,0,0,0,-3,0,1.0,,
531,15,18,15,1,NEAR,0,0,0,-2,0,1.0,,
532,15,18,15,1,NEAR,0,0,0,-3,0,1.0,,
533,15,18,15,2,NEAR,0,0,0,-2,0,1.0,,
534,15,18,15,1,NEAR,0,0,0,-2,0,1.0,,
535,15,18,15,1,NEAR,0,0,0,-2,0,1.0,,
536,15,18,15,1,NEAR,0,0,0,-2,0,1.0,,
537,15,18,15,1,NEAR,0,0,0,-2,0,1.0,,
538,15,18,15,2,NEAR,0,0,0,-2,0,1.0,,
539,15,18,15,1,NEAR_MISS,0,0,1,-1,0,1.0,,
540,15,18,15,1,NEAR_MISS,0,0,1,-1,0,1.0,,
541,15,18,15,1,NEAR,0,0,0,-2,0,0.0,,
542,15,18,15,1,NEAR,0,0,0,-2,0,1.0,,
543,15,18,15,1,NEAR_MISS,0,0,2,-1,0,1.0,,
544,15,18,15,1,NEAR_MISS,0,0,1,-1,0,1.0,,
545,15,18,15,1,NEAR_MISS,0,0,3,-1,0,1.0,,
546,15,18,15,1,NEAR_MISS,0,0,1,-1,0,1.0,,
547,15,18,15,1,NEAR,0,0,0,-2,0,0.0,,
548,15,18,15,2,NEAR,0,0,0,-2,0,1.0,,
549,15,18,15,1,NEAR,0,0,0,-2,0,1.0,,
550,15,18,15,1,NEAR,0,0,0,-2,0,1.0,,
551,15,18,16,1,NEAR,0,0,0,-2,0,1.0,,
552,15,18,16,1,NEAR_MISS,0,0,1,-1,0,1.0,,
553,15,18,16,1,NEAR,0,0,0,-2,0,1.0,,
554,15,18,16,1,NEAR,0,0,0,-2,0,1.0,,
555,15,18,16,1,NEAR,0,0,0,-2,0,1.0,,
556,15,18,16,1,NEAR_MISS,0,0,1,-1,0,1.0,,
557,15,18,16,1,NEAR_MISS,0,0,1,-1,0,1.0,,
558,15,18,16,1,NEAR_MISS,0,0,1,-1,0,1.0,,
559,15,18,16,1,NEAR,0,0,0,-3,0,1.0,,
560,15,18,16,1,NEAR,0,0,0,-2,0,1.0,,
561,15,18,16,1,NEAR,0,0,0,-2,0,1.0,,
562,15,18,16,1,NEAR,0,0,0,-2,0,1.0,,
563,15,18,16,1,NEAR,0,0,0,-2,0,1.0,,
564,15,18,16,1,NEAR,0,0,0,-2,0,1.0,,
565,15,18,16,1,NEAR_MISS,0,0,1,-1,0,1.0,,
566,15,18,16,1,NEAR,0,0,0,-2,0,1.0,,
567,15,18,16,1,NEAR,0,0,0,-2,0,1.0,,
568,15,18,16,1,NEAR,0,0,0,-2,0,1.0,,
569,15,18,16,1,NEAR,0,0,0,-2,0,1.0,,
570,15,18,16,1,NEAR_MISS,0,0,1,-1,0,1.0,,
571,15,18,16,1,NEAR,0,0,0,-2,0,1.0,,
572,15,18,16,1,NEAR,0,0,0,-2,0,1.0,,
573,15,18,17,1,NEAR,0,0,0,-2,0,1.0,,
574,15,18,17,4,NEAR,0,0,0,-2,0,1.0,,
575,15,18,17,1,NEAR,0,0,0,-2,0,1.0,,
576,15,18,17,1,NEAR,0,0,0,-2,0,1.0,,
577,15,18,17,1,NEAR,0,0,0,-2,0,1.0,,
578,16,19,8,8,NEAR,0,0,0,-3,0,1.0,,
579,16,19,8,4,NEAR_MISS,0,0,1,-1,0,1.0,,
580,16,19,11,2,NEAR,0,0,0,-2,0,0.0,,
581,16,19,9,2,NEF,0,1,4,0,1,0.0,2.000000,
582,16,19,11,2,NEAR_MISS,0,0,3,-1,1,0.0,2.327230,
583,16,19,12,2,NEAR,0,0,0,-2,0,0.0,,
584,16,19,10,1,NEAR_MISS,0,0,1,-1,0,1.0,,
585,16,19,12,1,NEAR_MISS,0,0,1,-1,0,1.0,,
586,16,19,10,1,NEAR,0,0,0,-2,0,1.0,,
587,16,19,10,1,NEAR,0,0,0,-2,0,1.0,,
588,16,19,10,4,NEAR,0,0,0,-2,0,1.0,,
589,16,19,10,1,NEF,0,1,15,0,0,1.0,,
590,16,19,11,1,NEF,0,1,6,0,1,0.0,3.000000,
591,16,19,10,1,NEAR,0,0,0,-2,0,1.0,,
592,16,19,10,1,NEAR,0,0,0,-3,0,0.0,,
593,16,19,10,2,NEAR,0,0,0,-2,0,0.0,,
594,16,19,11,4,NEAR,0,0,0,-2,0,0.0,,
595,16,19,10,1,NEAR_MISS,0,0,2,-1,0,1.0,,
596,16,19,10,1,NEAR,0,0,0,-2,0,-1.0,,
597,16,19,10,1,NEAR_MISS,0,0,8,-1,1,0.0,4.500000,
598,16,19,10,2,NEAR,0,0,0,-2,0,0.0,,
599,16,19,10,1,NEAR,0,0,0,-2,0,0.0,,
600,16,19,10,1,NEAR_MISS,0,0,2,-1,0,0.0,,
601,16,19,10,1,NEAR_MISS,0,0,1,-1,0,1.0,,
602,16,19,10,1,NEF,0,1,4,0,1,0.0,2.000000,
603,16,19,10,1,NEAR,0,0,0,-2,0,0.0,,
604,16,19,10,1,NEF,0,1,3,0,1,0.0,2.000000,
605,16,19,10,2,NEAR_MISS,0,0,5,-1,43,1.0,1.500000;1.500000;1.500000;1.500000;1.500000;1.500000;1.500000;1.500000;1.500000;1.500000;1.500000;1.500000;1.500000;1.500000;1.500000;1.500000;1.500000;1.500000;1.500000;1.500000;1.500000;1.500000;1.500000;1.500000;1.500000;1.500000;1.500000;1.500000;1.500000;1.500000;1.500000;1.500000;1.500000;1.500000;1.500000;1.500000;1.500000;1.500000;1.500000;1.500000;1.500000;1.500000;1.500000,
606,16,19,10,1,NEF,0,1,1,0,0,1.0,,
607,16,19,11,2,NEAR,0,0,0,-3,0,0.0,,
608,16,19,11,1,NEAR,0,0,0,-2,0,0.0,,
609,16,19,10,2,NEAR_MISS,0,0,7,-1,34,1.0,1.500000;1.500000;1.500000;1.500000;1.500000;1.500000;1.500000;1.500000;1.500000;1.500000;1.500000;1.500000;1.500000;1.500000;1.500000;1.500000;1.500000;1.500000;1.500000;1.500000;1.500000;1.500000;1.500000;1.500000;1.500000;1.500000;1.500000;1.500000;1.500000;1.500000;1.500000;1.500000;1.500000;1.500000,
610,16,19,12,2,NEF,0,1,8,0,58,0.0,1.500000;1.500000;1.500000;1.500000;1.500000;1.500000;1.500000;1.500000;1.500000;1.500000;1.500000;1.500000;1.500000;1.500000;1.500000;1.500000;1.500000;1.500000;1.500000;1.500000;1.500000;1.500000;1.500000;1.500000;1.500000;1.500000;1.500000;1.500000;1.500000;1.500000;1.500000;1.500000;1.500000;1.500000;1.500000;1.500000;1.500000;1.500000;1.500000;1.500000;1.500000;3.000000;1.500000;1.500000;1.500000;1.500000;1.500000;1.500000;1.500000;1.500000;1.500000;1.500000;1.500000;1.500000;1.500000;1.500000;1.500000;1.500000,
611,16,19,12,2,NEAR_MISS,0,0,6,-1,65,0.0,1.500000;1.500000;1.500000;1.500000;1.500000;1.500000;1.500000;1.500000;1.500000;1.500000;1.500000;1.500000;1.500000;1.500000;1.500000;1.500000;1.500000;1.500000;1.500000;1.500000;1.500000;1.500000;1.500000;1.500000;1.500000;1.500000;1.500000;1.500000;1.500000;1.500000;1.500000;1.500000;1.500000;1.500000;1.500000;1.500000;1.500000;1.500000;1.500000;1.500000;1.500000;1.500000;1.500000;1.500000;1.500000;1.500000;1.500000;1.500000;1.500000;1.500000;1.500000;1.500000;1.500000;1.500000;1.500000;1.500000;1.500000;1.500000;1.500000;1.500000;1.500000;1.500000;1.500000;1.500000;1.500000,
612,16,19,10,1,NEAR_MISS,0,0,1,-1,0,0.0,,
613,16,19,11,1,NEAR,0,0,0,-3,0,0.0,,
614,16,19,10,1,NEAR_MISS,0,0,2,-1,0,0.0,,
615,16,19,11,2,NEAR,0,0,0,-2,0,0.0,,
616,16,19,10,1,NEAR_MISS,0,0,1,-1,0,1.0,,
617,16,19,10,1,NEAR,0,0,0,-2,0,0.0,,
618,16,19,10,1,NEAR_MISS,0,0,3,-1,44,1.0,1.500000;1.500000;1.500000;1.500000;1.500000;1.500000;1.500000;1.500000;1.500000;1.500000;1.500000;1.500000;1.500000;1.500000;1.500000;1.500000;1.500000;1.500000;1.500000;1.500000;1.500000;1.500000;1.500000;1.500000;1.500000;1.500000;1.500000;1.500000;1.500000;1.500000;1.500000;1.500000;1.500000;1.500000;1.500000;1.500000;1.500000;1.500000;1.500000;1.500000;1.500000;1.500000;1.500000;1.500000,
619,16,19,10,1,NEAR_MISS,0,0,8,-1,1,0.0,4.500000,
620,16,19,10,1,NEAR_MISS,0,0,6,-1,1,1.0,3.000000,
621,16,19,10,1,NEAR_MISS,0,0,6,-1,0,1.0,,
622,16,19,12,1,NEAR,0,0,0,-2,0,1.0,,
623,16,19,10,1,NEAR,0,0,0,-2,0,0.0,,
624,16,19,10,1,NEAR_MISS,0,0,7,-1,1,0.0,4.500000,
625,16,19,10,1,NEAR_MISS,0,0,7,-1,1,0.0,4.500000,
626,16,19,10,1,NEAR,0,0,0,-2,0,0.0,,
627,16,19,10,1,NEAR,0,0,0,-2,0,0.0,,
628,16,19,10,1,NEAR_MISS,0,0,7,-1,39,1.0,1.500000;1.500000;1.500000;1.500000;1.500000;1.500000;1.500000;1.500000;1.500000;1.500000;1.500000;1.500000;1.500000;1.500000;1.500000;1.500000;1.500000;1.500000;1.500000;1.500000;1.500000;1.500000;1.500000;1.500000;1.500000;1.500000;1.500000;1.500000;1.500000;1.500000;1.500000;1.500000;1.500000;1.500000;1.500000;1.500000;1.500000;1.500000;1.500000,
629,16,19,10,1,NEF,0,1,7,0,1,1.0,3.000000,
630,16,19,10,2,NEAR_MISS,0,0,6,-1,42,1.0,1.500000;1.500000;1.500000;1.500000;1.500000;1.500000;1.500000;1.500000;1.500000;1.500000;1.500000;1.500000;1.500000;1.500000;1.500000;1.500000;1.500000;1.500000;1.500000;1.500000;1.500000;1.500000;1.500000;1.500000;1.500000;1.500000;1.500000;1.500000;1.500000;1.500000;1.500000;1.500000;1.500000;1.500000;1.500000;1.500000;1.500000;1.500000;1.500000;1.500000;1.500000;1.500000,
631,16,19,11,1,NEAR_MISS,0,0,2,-1,0,1.0,,
632,16,19,10,1,NEAR,0,0,0,-2,0,0.0,,
633,16,19,10,1,NEAR_MISS,0,0,1,-1,0,1.0,,
634,16,19,10,1,NEAR_MISS,0,0,7,-1,1,0.0,4.500000,
635,16,19,10,1,NEAR_MISS,0,0,1,-1,0,1.0,,
636,16,19,10,1,NEAR,0,0,0,-2,0,0.0,,
637,16,19,10,1,NEAR_MISS,0,0,4,-1,40,1.0,1.500000;1.500000;1.500000;1.500000;1.500000;1.500000;1.500000;1.500000;1.500000;1.500000;1.500000;1.500000;1.500000;1.500000;1.500000;1.500000;1.500000;1.500000;1.500000;1.500000;1.500000;1.500000;1.500000;1.500000;1.500000;1.500000;1.500000;1.500000;1.500000;1.500000;1.500000;1.500000;1.500000;1.500000;1.500000;1.500000;1.500000;1.500000;1.500000;1.500000,
638,16,19,11,4,NEAR_MISS,0,0,12,-1,42,1.0,1.500000;1.500000;1.500000;1.500000;1.500000;1.500000;1.500000;1.500000;1.500000;1.500000;1.500000;1.500000;1.500000;1.500000;1.500000;1.500000;1.500000;1.500000;1.500000;1.500000;1.500000;1.500000;1.500000;1.500000;1.500000;1.500000;1.500000;1.500000;1.500000;1.500000;1.500000;1.500000;1.500000;1.500000;1.500000;1.500000;1.500000;1.500000;1.500000;1.500000;1.500000;1.500000,
639,16,19,11,2,NEAR,0,0,0,-2,0,1.0,,
640,16,19,11,1,NEAR,0,0,0,-2,0,1.0,,
641,16,19,11,1,NEAR_MISS,0,0,6,-1,0,1.0,,
642,16,19,13,1,NEAR,0,0,0,-2,0,0.0,,
643,16,19,11,1,NEAR_MISS,0,0,13,-1,83,1.0,1.500000;1.500000;1.500000;1.500000;1.500000;1.500000;1.500000;1.500000;1.500000;1.500000;1.500000;1.500000;1.500000;1.500000;1.500000;1.500000;1.500000;1.500000;1.500000;1.500000;1.500000;1.500000;1.500000;1.500000;1.500000;1.500000;1.500000;1.500000;1.500000;1.500000;1.500000;1.500000;1.500000;1.500000;1.500000;1.500000;1.500000;1.500000;1.500000;1.500000;1.500000;1.500000;1.500000;1.500000;1.500000;1.500000;1.500000;1.500000;1.500000;1.500000;1.500000;1.500000;1.500000;1.500000;1.500000;1.500000;1.500000;1.500000;1.500000;1.500000;1.500000;1.500000;1.500000;1.500000;1.500000;1.500000;1.500000;1.500000;1.500000;1.500000;1.500000;1.500000;1.500000;1.500000;1.500000;1.500000;1.500000;1.500000;1.500000;1.500000;1.500000;1.500000;1.500000,
644,16,19,11,1,NEF,0,1,14,0,0,1.0,,
645,16,19,13,1,NEAR,0,0,0,-2,0,0.0,,
646,16,19,11,1,NEAR_MISS,0,0,4,-1,0,1.0,,
647,16,19,11,1,NEAR_MISS,0,0,9,-1,58,1.0,1.500000;1.500000;1.500000;1.500000;1.500000;1.500000;1.500000;1.500000;1.500000;1.500000;1.500000;1.500000;1.500000;1.500000;1.500000;1.500000;1.500000;1.500000;1.500000;1.500000;1.500000;1.500000;1.500000;1.500000;1.500000;1.500000;1.500000;1.500000;1.500000;1.500000;1.500000;1.500000;1.500000;1.500000;1.500000;1.500000;1.500000;1.500000;1.500000;1.500000;1.500000;1.500000;1.500000;1.500000;1.500000;1.500000;1.500000;1.500000;1.500000;1.500000;1.500000;1.500000;1.500000;1.500000;1.500000;1.500000;1.500000;1.500000,
648,16,19,11,1,NEAR_MISS,0,0,3,-1,0,1.0,,
649,16,19,11,1,NEAR,0,0,0,-2,0,0.0,,
650,16,19,11,1,NEAR,0,0,0,-3,0,1.0,,
651,16,19,11,1,NEAR_MISS,0,0,1,-1,0,0.0,,
652,16,19,11,1,NEAR,0,0,0,-2,0,1.0,,
653,16,19,11,2,NEAR_MISS,0,0,1,-1,0,1.0,,
654,16,19,11,1,NEF,0,1,1,0,0,1.0,,
655,16,19,11,1,NEAR,0,0,0,-2,0,0.0,,
656,16,19,11,1,NEAR,0,0,0,-2,0,0.0,,
657,16,19,11,1,NEAR,0,0,0,-2,0,1.0,,
658,16,19,11,2,NEAR_MISS,0,0,1,-1,0,1.0,,
659,16,19,12,1,NEAR_MISS,0,0,2,-1,0,1.0,,
660,16,19,11,1,NEAR_MISS,0,0,7,-1,0,1.0,,
661,16,19,11,1,NEAR,0,0,0,-2,0,1.0,,
662,16,19,11,1,NEAR,0,0,0,-2,0,1.0,,
663,16,19,14,1,NEAR,0,0,0,-3,0,0.0,,
664,16,19,11,1,NEAR_MISS,0,0,1,-1,0,1.0,,
665,16,19,11,2,NEAR_MISS,0,0,2,-1,0,1.0,,
666,16,19,12,1,NEAR_MISS,0,0,1,-1,0,1.0,,
667,16,19,12,1,NEAR,0,0,0,-3,0,1.0,,
668,16,19,11,1,NEAR_MISS,0,0,2,-1,0,1.0,,
669,16,19,13,1,NEAR_MISS,0,0,1,-1,0,1.0,,
670,16,19,11,1,NEAR_MISS,0,0,8,-1,66,0.0,1.500000;1.500000;1.500000;1.500000;1.500000;1.500000;1.500000;1.500000;1.500000;1.500000;1.500000;1.500000;1.500000;1.500000;1.500000;1.500000;1.500000;1.500000;1.500000;1.500000;1.500000;1.500000;1.500000;1.500000;1.500000;1.500000;1.500000;1.500000;1.500000;1.500000;1.500000;1.500000;1.500000;1.500000;1.500000;1.500000;1.500000;1.500000;1.500000;1.500000;1.500000;1.500000;1.500000;1.500000;1.500000;1.500000;1.500000;1.500000;1.500000;1.500000;1.500000;1.500000;1.500000;1.500000;1.500000;1.500000;1.500000;1.500000;1.500000;1.500000;1.500000;1.500000;1.500000;1.500000;1.500000;1.500000,
671,16,19,13,1,NEAR,0,0,0,-2,0,1.0,,
672,16,19,12,1,NEAR_MISS,0,0,2,-1,55,1.0,1.500000;1.500000;1.500000;1.500000;1.500000;1.500000;1.500000;1.500000;1.500000;1.500000;1.500000;1.500000;1.500000;1.500000;1.500000;1.500000;1.500000;1.500000;1.500000;1.500000;1.500000;1.500000;1.500000;1.500000;1.500000;1.500000;1.500000;1.500000;1.500000;1.500000;1.500000;1.500000;1.500000;1.500000;1.500000;1.500000;1.500000;1.500000;1.500000;1.500000;1.500000;1.500000;1.500000;1.500000;1.500000;1.500000;1.500000;1.500000;1.500000;1.500000;1.500000;1.500000;1.500000;1.500000;1.500000,
673,16,19,11,1,NEF,0,1,7,0,0,1.0,,
674,16,19,11,1,NEAR_MISS,0,0,1,-1,0,1.0,,
675,16,19,11,2,NEAR_MISS,0,0,12,-1,42,1.0,1.500000;1.500000;1.500000;1.500000;1.500000;1.500000;1.500000;1.500000;1.500000;1.500000;1.500000;1.500000;1.500000;1.500000;1.500000;1.500000;1.500000;1.500000;1.500000;1.500000;1.500000;1.500000;1.500000;1.500000;1.500000;1.500000;1.500000;1.500000;1.500000;1.500000;1.500000;1.500000;1.500000;1.500000;1.500000;1.500000;1.500000;1.500000;1.500000;1.500000;1.500000;1.500000,
676,16,19,11,4,NEAR_MISS,0,0,12,-1,42,1.0,1.500000;1.500000;1.500000;1.500000;1.500000;1.500000;1.500000;1.500000;1.500000;1.500000;1.500000;1.500000;1.500000;1.500000;1.500000;1.500000;1.500000;1.500000;1.500000;1.500000;1.500000;1.500000;1.500000;1.500000;1.500000;1.500000;1.500000;1.500000;1.500000;1.500000;1.500000;1.500000;1.500000;1.500000;1.500000;1.500000;1.500000;1.500000;1.500000;1.500000;1.500000;1.500000,
677,16,19,11,1,NEF,0,1,7,0,1,1.0,2.000000,
678,16,19,11,1,NEAR_MISS,0,0,7,-1,1,0.0,4.500000,
679,16,19,12,1,NEAR_MISS,0,0,2,-1,0,0.0,,
680,16,19,11,2,NEAR,0,0,0,-3,0,0.0,,
681,16,19,12,1,NEAR,0,0,0,-2,0,0.0,,
682,16,19,11,1,NEAR,0,0,0,-2,0,0.0,,
683,16,19,11,1,NEAR_MISS,0,0,5,-1,1,0.0,3.000000,
684,16,19,11,1,NEAR,0,0,0,-2,0,1.0,,
685,16,19,12,1,NEAR,0,0,0,-2,0,1.0,,
686,16,19,12,2,NEAR_MISS,0,0,9,-1,1,0.0,4.500000,
687,16,19,11,1,NEAR,0,0,0,-2,0,0.0,,
688,16,19,11,2,NEAR,0,0,0,-2,0,1.0,,
689,16,19,11,1,NEAR,0,0,0,-2,0,1.0,,
690,16,19,11,1,NEAR,0,0,0,-2,0,1.0,,
691,16,19,11,1,NEAR_MISS,0,0,1,-1,0,0.0,,
692,16,19,11,1,NEAR,0,0,0,-2,0,0.0,,
693,16,19,11,1,NEAR,0,0,0,-2,0,-1.0,,
694,16,19,11,1,NEAR_MISS,0,0,1,-1,0,1.0,,
695,16,19,11,1,NEAR_MISS,0,0,1,-1,0,0.0,,
696,16,19,12,1,NEAR,0,0,0,-2,0,1.0,,
697,16,19,11,1,NEAR_MISS,0,0,6,-1,67,0.0,1.500000;1.500000;1.500000;1.500000;1.500000;1.500000;1.500000;1.500000;1.500000;1.500000;1.500000;1.500000;1.500000;1.500000;1.500000;1.500000;1.500000;1.500000;1.500000;1.500000;1.500000;1.500000;1.500000;1.500000;1.500000;1.500000;1.500000;1.500000;1.500000;1.500000;1.500000;1.500000;1.500000;1.500000;1.500000;1.500000;1.500000;1.500000;1.500000;1.500000;1.500000;1.500000;1.500000;1.500000;1.500000;1.500000;1.500000;1.500000;1.500000;1.500000;1.500000;1.500000;1.500000;1.500000;1.500000;1.500000;1.500000;1.500000;1.500000;1.500000;1.500000;1.500000;1.500000;1.500000;1.500000;1.500000;1.500000,
698,16,19,11,1,NEAR_MISS,0,0,3,-1,56,1.0,1.500000;1.500000;1.500000;1.500000;1.500000;1.500000;1.500000;1.500000;1.500000;1.500000;1.500000;1.500000;1.500000;1.500000;1.500000;1.500000;1.500000;1.500000;1.500000;1.500000;1.500000;1.500000;1.500000;1.500000;1.500000;1.500000;1.500000;1.500000;1.500000;1.500000;1.500000;1.500000;1.500000;1.500000;1.500000;1.500000;1.500000;1.500000;1.500000;1.500000;1.500000;1.500000;1.500000;1.500000;1.500000;1.500000;1.500000;1.500000;1.500000;1.500000;1.500000;1.500000;1.500000;1.500000;1.500000;1.500000,
699,16,19,11,1,NEAR_MISS,0,0,1,-1,0,0.0,,
700,16,19,11,4,NEF,0,1,15,0,43,1.0,1.500000;1.500000;1.500000;1.500000;1.500000;1.500000;1.500000;1.500000;1.500000;1.500000;1.500000;1.500000;1.500000;1.500000;1.500000;1.500000;1.500000;1.500000;1.500000;1.500000;1.500000;1.500000;1.500000;1.500000;1.500000;1.500000;1.500000;1.500000;1.500000;1.500000;1.500000;1.500000;1.500000;1.500000;1.500000;1.500000;4.000000;1.500000;1.500000;1.500000;1.500000;1.500000;1.500000,
701,16,19,11,2,NEAR_MISS,0,0,13,-1,52,1.0,1.500000;1.500000;1.500000;1.500000;1.500000;1.500000;1.500000;1.500000;1.500000;1.500000;1.500000;1.500000;1.500000;1.500000;1.500000;1.500000;1.500000;1.500000;1.500000;1.500000;1.500000;1.500000;1.500000;1.500000;1.500000;1.500000;1.500000;1.500000;1.500000;1.500000;1.500000;1.500000;1.500000;1.500000;1.500000;1.500000;1.500000;1.500000;1.500000;1.500000;1.500000;1.500000;1.500000;1.500000;1.500000;1.500000;1.500000;1.500000;1.500000;1.500000;1.500000;1.500000,
702,16,19,11,1,NEF,0,1,14,0,0,1.0,,
703,16,19,11,1,NEF,0,1,12,0,0,1.0,,
704,16,19,11,1,NEAR,0,0,0,-2,0,1.0,,
705,16,19,11,1,NEAR,0,0,0,-2,0,1.0,,
706,16,19,11,1,NEAR,0,0,0,-2,0,1.0,,
707,16,19,11,1,NEF,0,1,8,0,1,1.0,2.000000,
708,16,19,11,1,NEAR_MISS,0,0,3,-1,0,0.0,,
709,16,19,11,1,NEAR_MISS,0,0,7,-1,63,0.0,1.500000;1.500000;1.500000;1.500000;1.500000;1.500000;1.500000;1.500000;1.500000;1.500000;1.500000;1.500000;1.500000;1.500000;1.500000;1.500000;1.500000;1.500000;1.500000;1.500000;1.500000;1.500000;1.500000;1.500000;1.500000;1.500000;1.500000;1.500000;1.500000;1.500000;1.500000;1.500000;1.500000;1.500000;1.500000;1.500000;1.500000;1.500000;1.500000;1.500000;1.500000;1.500000;1.500000;1.500000;1.500000;1.500000;1.500000;1.500000;1.500000;1.500000;1.500000;1.500000;1.500000;1.500000;1.500000;1.500000;1.500000;1.500000;1.500000;1.500000;1.500000;1.500000;1.500000,
710,16,19,13,1,NEAR,0,0,0,-2,0,0.0,,
711,16,19,11,1,NEAR_MISS,0,0,2,-1,0,1.0,,
712,16,19,11,1,NEAR_MISS,0,0,3,-1,0,1.0,,
713,16,19,11,1,NEAR_MISS,0,0,11,-1,53,1.0,1.500000;1.500000;1.500000;1.500000;1.500000;1.500000;1.500000;1.500000;1.500000;1.500000;1.500000;1.500000;1.500000;1.500000;1.500000;1.500000;1.500000;1.500000;1.500000;1.500000;1.500000;1.500000;1.500000;1.500000;1.500000;1.500000;1.500000;1.500000;1.500000;1.500000;1.500000;1.500000;1.500000;1.500000;1.500000;1.500000;1.500000;1.500000;1.500000;1.500000;1.500000;1.500000;1.500000;1.500000;1.500000;1.500000;1.500000;1.500000;1.500000;1.500000;1.500000;1.500000;1.500000,
714,16,19,11,1,NEAR_MISS,0,0,4,-1,0,1.0,,
715,16,19,11,1,NEAR_MISS,0,0,3,-1,0,0.0,,
716,16,19,11,1,NEAR_MISS,0,0,8,-1,44,1.0,1.500000;1.500000;1.500000;1.500000;1.500000;1.500000;1.500000;1.500000;1.500000;1.500000;1.500000;1.500000;1.500000;1.500000;1.500000;1.500000;1.500000;1.500000;1.500000;1.500000;1.500000;1.500000;1.500000;1.500000;1.500000;1.500000;1.500000;1.500000;1.500000;1.500000;1.500000;1.500000;1.500000;1.500000;1.500000;1.500000;1.500000;1.500000;1.500000;1.500000;1.500000;1.500000;1.500000;1.500000,
717,16,19,11,1,NEAR_MISS,0,0,9,-1,1,0.0,4.500000,
718,16,19,11,1,NEAR_MISS,0,0,5,-1,0,1.0,,
719,16,19,12,1,NEAR_MISS,0,0,6,-1,54,0.0,1.500000;1.500000;1.500000;1.500000;1.500000;1.500000;1.500000;1.500000;1.500000;1.500000;1.500000;1.500000;1.500000;1.500000;1.500000;1.500000;1.500000;1.500000;1.500000;1.500000;1.500000;1.500000;1.500000;1.500000;1.500000;1.500000;1.500000;1.500000;1.500000;1.500000;1.500000;1.500000;1.500000;1.500000;1.500000;1.500000;1.500000;1.500000;1.500000;1.500000;1.500000;1.500000;1.500000;1.500000;1.500000;1.500000;1.500000;1.500000;1.500000;1.500000;1.500000;1.500000;1.500000;1.500000,
720,16,19,12,1,NEAR_MISS,0,0,4,-1,57,0.0,1.500000;1.500000;1.500000;1.500000;1.500000;1.500000;1.500000;1.500000;1.500000;1.500000;1.500000;1.500000;1.500000;1.500000;1.500000;1.500000;1.500000;1.500000;1.500000;1.500000;1.500000;1.500000;1.500000;1.500000;1.500000;1.500000;1.500000;1.500000;1.500000;1.500000;1.500000;1.500000;1.500000;1.500000;1.500000;1.500000;1.500000;1.500000;1.500000;1.500000;1.500000;1.500000;1.500000;1.500000;1.500000;1.500000;1.500000;1.500000;1.500000;1.500000;1.500000;1.500000;1.500000;1.500000;1.500000;1.500000;1.500000,
721,16,19,12,1,NEAR_MISS,0,0,10,-1,62,0.0,1.500000;1.500000;1.500000;1.500000;1.500000;1.500000;1.500000;1.500000;1.500000;1.500000;1.500000;1.500000;1.500000;1.500000;1.500000;1.500000;1.500000;1.500000;1.500000;1.500000;1.500000;1.500000;1.500000;1.500000;1.500000;1.500000;1.500000;1.500000;1.500000;1.500000;1.500000;1.500000;1.500000;1.500000;1.500000;1.500000;1.500000;1.500000;1.500000;1.500000;1.500000;1.500000;1.500000;1.500000;1.500000;1.500000;1.500000;1.500000;1.500000;1.500000;1.500000;1.500000;1.500000;1.500000;1.500000;1.500000;1.500000;1.500000;1.500000;1.500000;1.500000;1.500000,
722,16,19,11,2,NEF,0,1,7,0,1,1.0,4.000000,
723,16,19,11,1,NEAR_MISS,0,0,2,-1,0,0.0,,
724,16,19,11,1,NEAR_MISS,0,0,2,-1,0,1.0,,
725,16,19,11,1,NEAR_MISS,0,0,14,-1,1,0.0,3.000000,
726,16,19,11,1,NEAR_MISS,0,0,7,-1,85,0.0,1.500000;1.500000;1.500000;1.500000;1.500000;1.500000;1.500000;1.500000;1.500000;1.500000;1.500000;1.500000;1.500000;1.500000;1.500000;1.500000;1.500000;1.500000;1.500000;1.500000;1.500000;1.500000;1.500000;1.500000;1.500000;1.500000;1.500000;1.500000;1.500000;1.500000;1.500000;1.500000;1.500000;1.500000;1.500000;1.500000;1.500000;1.500000;1.500000;1.500000;1.500000;1.500000;1.500000;1.500000;1.500000;1.500000;1.500000;1.500000;1.500000;1.500000;1.500000;1.500000;1.500000;1.500000;1.500000;1.500000;1.500000;1.500000;1.500000;1.500000;1.500000;1.500000;1.500000;1.500000;1.500000;1.500000;1.500000;1.500000;1.500000;1.500000;1.500000;1.500000;1.500000;1.500000;1.500000;1.500000;1.500000;1.500000;1.500000;1.500000;1.500000;1.500000;1.500000;1.500000;1.500000,
727,16,19,11,1,NEAR,0,0,0,-2,0,0.0,,
728,16,19,11,1,NEAR_MISS,0,0,5,-1,1,0.0,4.500000,
729,16,19,11,1,NEAR,0,0,0,-2,0,0.0,,
730,16,19,11,1,NEF,0,1,15,0,0,1.0,,
731,16,19,13,1,NEAR,0,0,0,-2,0,0.0,,
732,16,19,12,1,NEAR,0,0,0,-2,0,0.0,,
733,16,19,11,1,NEAR,0,0,0,-3,0,0.0,,
734,16,19,11,1,NEAR,0,0,0,-2,0,0.0,,
735,16,19,11,1,NEAR,0,0,0,-2,0,0.0,,
736,16,19,11,2,NEAR,0,0,0,-3,0,0.0,,
737,16,19,11,2,NEAR,0,0,0,-2,0,1.0,,
738,16,19,12,1,NEF,0,1,4,0,1,0.0,3.000000,
739,16,19,11,1,NEAR,0,0,0,-2,0,-1.0,,
740,16,19,11,1,NEAR_MISS,0,0,1,-1,0,1.0,,
741,16,19,11,1,NEAR_MISS,0,0,4,-1,0,0.0,,
742,16,19,11,1,NEAR_MISS,0,0,4,-1,0,1.0,,
743,16,19,12,1,NEAR_MISS,0,0,5,-1,51,0.0,1.500000;1.500000;1.500000;1.500000;1.500000;1.500000;1.500000;1.500000;1.500000;1.500000;1.500000;1.500000;1.500000;1.500000;1.500000;1.500000;1.500000;1.500000;1.500000;1.500000;1.500000;1.500000;1.500000;1.500000;1.500000;1.500000;1.500000;1.500000;1.500000;1.500000;1.500000;1.500000;1.500000;1.500000;1.500000;1.500000;1.500000;1.500000;1.500000;1.500000;1.500000;1.500000;1.500000;1.500000;1.500000;1.500000;1.500000;1.500000;1.500000;1.500000;1.500000,
744,16,19,11,1,NEAR_MISS,0,0,6,-1,1,0.0,4.500000,
745,16,19,11,1,NEAR_MISS,0,0,6,-1,53,0.0,1.500000;1.500000;1.500000;1.500000;1.500000;1.500000;1.500000;1.500000;1.500000;1.500000;1.500000;1.500000;1.500000;1.500000;1.500000;1.500000;1.500000;1.500000;1.500000;1.500000;1.500000;1.500000;1.500000;1.500000;1.500000;1.500000;1.500000;1.500000;1.500000;1.500000;1.500000;1.500000;1.500000;1.500000;1.500000;1.500000;1.500000;1.500000;1.500000;1.500000;1.500000;1.500000;1.500000;1.500000;1.500000;1.500000;1.500000;1.500000;1.500000;1.500000;1.500000;1.500000;1.500000,
746,16,19,11,1,NEAR,0,0,0,-2,0,0.0,,
747,16,19,12,1,NEAR_MISS,0,0,2,-1,0,1.0,,
748,16,19,11,1,NEAR_MISS,0,0,1,-1,0,1.0,,
749,16,19,11,2,NEAR,0,0,0,-2,0,1.0,,
750,16,19,11,1,NEAR_MISS,0,0,2,-1,0,1.0,,
751,16,19,11,1,NEAR_MISS,0,0,1,-1,0,1.0,,
752,16,19,11,1,NEAR_MISS,0,0,9,-1,54,1.0,1.500000;1.500000;1.500000;1.500000;1.500000;1.500000;1.500000;1.500000;1.500000;1.500000;1.500000;1.500000;1.500000;1.500000;1.500000;1.500000;1.500000;1.500000;1.500000;1.500000;1.500000;1.500000;1.500000;1.500000;1.500000;1.500000;1.500000;1.500000;1.500000;1.500000;1.500000;1.500000;1.500000;1.500000;1.500000;1.500000;1.500000;1.500000;1.500000;1.500000;1.500000;1.500000;1.500000;1.500000;1.500000;1.500000;1.500000;1.500000;1.500000;1.500000;1.500000;1.500000;1.500000;1.500000,
753,16,19,11,1,NEAR,0,0,0,-2,0,0.0,,
754,16,19,11,1,NEAR_MISS,0,0,1,-1,0,0.0,,
755,16,19,11,1,NEAR_MISS,0,0,1,-1,0,0.0,,
756,16,19,11,1,NEAR_MISS,0,0,1,-1,0,0.0,,
757,16,19,11,1,NEAR_MISS,0,0,2,-1,0,1.0,,
758,16,19,11,1,NEAR_MISS,0,0,8,-1,1,1.0,3.000000,
759,16,19,11,1,NEAR_MISS,0,0,1,-1,0,1.0,,
760,16,19,11,2,NEAR,0,0,0,-2,0,1.0,,
761,16,19,11,1,NEAR,0,0,0,-2,0,0.0,,
762,16,19,11,1,NEAR,0,0,0,-2,0,0.0,,
763,16,19,11,1,NEAR,0,0,0,-2,0,0.0,,
764,16,19,11,2,NEAR_MISS,0,0,8,-1,40,1.0,1.500000;1.500000;1.500000;1.500000;1.500000;1.500000;1.500000;1.500000;1.500000;1.500000;1.500000;1.500000;1.500000;1.500000;1.500000;1.500000;1.500000;1.500000;1.500000;1.500000;1.500000;1.500000;1.500000;1.500000;1.500000;1.500000;1.500000;1.500000;1.500000;1.500000;1.500000;1.500000;1.500000;1.500000;1.500000;1.500000;1.500000;1.500000;1.500000;1.500000,
765,16,19,11,2,NEAR,0,0,0,-2,0,1.0,,
766,16,19,11,1,NEAR_MISS,0,0,1,-1,0,0.0,,
767,16,19,11,1,NEAR,0,0,0,-2,0,-1.0,,
768,16,19,11,1,NEAR,0,0,0,-2,0,1.0,,
769,16,19,12,1,NEAR,0,0,0,-2,0,0.0,,
770,16,19,11,1,NEAR_MISS,0,0,1,-1,0,1.0,,
771,16,19,11,1,NEF,0,1,12,0,0,0.0,,
772,16,19,12,1,NEAR,0,0,0,-2,0,0.0,,
773,16,19,11,1,NEAR_MISS,0,0,1,-1,0,1.0,,
774,16,19,12,1,NEAR_MISS,0,0,8,-1,1,0.0,4.500000,
775,16,19,12,1,NEAR,0,0,0,-2,0,1.0,,
776,16,19,12,1,NEF,0,1,7,0,1,1.0,2.000000,
777,16,19,12,1,NEAR,0,0,0,-2,0,1.0,,
778,16,19,15,1,NEAR,0,0,0,-2,0,1.0,,
779,16,19,12,1,NEAR,0,0,0,-2,0,1.0,,
780,16,19,14,1,NEAR,0,0,0,-2,0,1.0,,
781,16,19,12,1,NEAR_MISS,0,0,4,-1,0,0.0,,
782,16,19,12,1,NEAR_MISS,0,0,14,-1,1,1.0,3.000000,
783,16,19,12,1,NEAR_MISS,0,0,13,-1,1,0.0,4.500000,
784,16,19,12,1,NEAR,0,0,0,-2,0,1.0,,
785,16,19,12,1,NEAR,0,0,0,-2,0,0.0,,
786,16,19,12,1,NEAR_MISS,0,0,2,-1,0,0.0,,
787,16,19,12,1,NEAR_MISS,0,0,1,-1,0,-1.0,,
788,16,19,12,1,NEAR_MISS,0,0,11,-1,1,0.0,4.500000,
789,16,19,13,1,NEAR,0,0,0,-2,0,0.0,,
790,16,19,12,1,NEAR_MISS,0,0,2,-1,0,0.0,,
791,16,19,12,1,NEF,0,1,2,0,0,1.0,,
792,16,19,12,1,NEAR,0,0,0,-2,0,0.0,,
793,16,19,12,1,NEAR_MISS,0,0,1,-1,0,1.0,,
794,16,19,12,1,NEAR,0,0,0,-2,0,0.0,,
795,16,19,12,1,NEAR_MISS,0,0,2,-1,0,0.0,,
796,16,19,14,2,NEAR,0,0,0,-2,0,1.0,,
797,16,19,12,1,NEF,0,1,21,0,0,1.0,,
798,16,19,13,1,NEAR,0,0,0,-2,0,0.0,,
799,16,19,12,1,NEAR_MISS,0,0,11,-1,1,0.0,3.000000,
800,16,19,12,1,NEAR,0,0,0,-2,0,1.0,,
801,16,19,13,1,NEAR_MISS,0,0,6,-1,82,0.0,1.500000;1.500000;1.500000;1.500000;1.500000;1.500000;1.500000;1.500000;1.500000;1.500000;1.500000;1.500000;1.500000;1.500000;1.500000;1.500000;1.500000;1.500000;1.500000;1.500000;1.500000;1.500000;1.500000;1.500000;1.500000;1.500000;1.500000;1.500000;1.500000;1.500000;1.500000;1.500000;1.500000;1.500000;1.500000;1.500000;1.500000;1.500000;1.500000;1.500000;1.500000;1.500000;1.500000;1.500000;1.500000;1.500000;1.500000;1.500000;1.500000;1.500000;1.500000;1.500000;1.500000;1.500000;1.500000;1.500000;1.500000;1.500000;1.500000;1.500000;1.500000;1.500000;1.500000;1.500000;1.500000;1.500000;1.500000;1.500000;1.500000;1.500000;1.500000;1.500000;1.500000;1.500000;1.500000;1.500000;1.500000;1.500000;1.500000;1.500000;1.500000;1.500000,
802,16,19,12,1,NEAR,0,0,0,-2,0,1.0,,
803,16,19,12,1,NEF,0,1,1,0,0,1.0,,
804,16,19,14,1,NEAR,0,0,0,-2,0,1.0,,
805,16,19,12,1,NEAR_MISS,0,0,13,-1,70,1.0,1.500000;1.500000;1.500000;1.500000;1.500000;1.500000;1.500000;1.500000;1.500000;1.500000;1.500000;1.500000;1.500000;1.500000;1.500000;1.500000;1.500000;1.500000;1.500000;1.500000;1.500000;1.500000;1.500000;1.500000;1.500000;1.500000;1.500000;1.500000;1.500000;1.500000;1.500000;1.500000;1.500000;1.500000;1.500000;1.500000;1.500000;1.500000;1.500000;1.500000;1.500000;1.500000;1.500000;1.500000;1.500000;1.500000;1.500000;1.500000;1.500000;1.500000;1.500000;1.500000;1.500000;1.500000;1.500000;1.500000;1.500000;1.500000;1.500000;1.500000;1.500000;1.500000;1.500000;1.500000;1.500000;1.500000;1.500000;1.500000;1.500000;1.500000,
806,16,19,14,1,NEAR,0,0,0,-2,0,0.0,,
807,16,19,12,1,NEAR,0,0,0,-2,0,1.0,,
808,16,19,12,1,NEF,0,1,2,0,0,1.0,,
809,16,19,12,1,NEAR_MISS,0,0,5,-1,0,1.0,,
810,16,19,12,1,NEAR,0,0,0,-2,0,1.0,,
811,16,19,12,1,NEAR,0,0,0,-2,0,0.0,,
812,16,19,14,1,NEAR_MISS,0,0,3,-1,0,0.0,,
813,16,19,12,1,NEAR,0,0,0,-2,0,0.0,,
814,16,19,12,1,NEAR_MISS,0,0,11,-1,1,0.0,4.500000,
815,16,19,13,1,NEAR,0,0,0,-2,0,0.0,,
816,16,19,13,1,NEAR,0,0,0,-2,0,0.0,,
817,16,19,12,1,NEAR_MISS,0,0,3,-1,0,1.0,,
818,16,19,12,1,NEAR,0,0,0,-2,0,0.0,,
819,16,19,12,2,NEAR,0,0,0,-2,0,0.0,,
820,16,19,12,1,NEAR,0,0,0,-2,0,1.0,,
821,16,19,12,1,NEAR,0,0,0,-2,0,1.0,,
822,16,19,12,1,NEF,0,1,7,0,1,1.0,3.000000,
823,16,19,13,1,NEAR,0,0,0,-2,0,0.0,,
824,16,19,12,2,NEF,0,1,5,0,1,1.0,2.000000,
825,16,19,12,1,NEAR_MISS,0,0,9,-1,1,0.0,4.500000,
826,16,19,14,1,NEAR_MISS,0,0,1,-1,0,1.0,,
827,16,19,13,1,NEAR,0,0,0,-2,0,1.0,,
828,16,19,12,1,NEAR_MISS,0,0,8,-1,56,1.0,1.500000;1.500000;1.500000;1.500000;1.500000;1.500000;1.500000;1.500000;1.500000;1.500000;1.500000;1.500000;1.500000;1.500000;1.500000;1.500000;1.500000;1.500000;1.500000;1.500000;1.500000;1.500000;1.500000;1.500000;1.500000;1.500000;1.500000;1.500000;1.500000;1.500000;1.500000;1.500000;1.500000;1.500000;1.500000;1.500000;1.500000;1.500000;1.500000;1.500000;1.500000;1.500000;1.500000;1.500000;1.500000;1.500000;1.500000;1.500000;1.500000;1.500000;1.500000;1.500000;1.500000;1.500000;1.500000;1.500000,
829,16,19,12,1,NEAR_MISS,0,0,3,-1,0,1.0,,
830,16,19,12,1,NEAR,0,0,0,-3,0,-1.0,,
831,16,19,12,1,NEAR,0,0,0,-2,0,1.0,,
832,16,19,13,1,NEAR,0,0,0,-3,0,0.0,,
833,16,19,12,1,NEAR_MISS,0,0,2,-1,0,1.0,,
834,16,19,12,1,NEAR_MISS,0,0,1,-1,0,0.0,,
835,16,19,12,1,NEAR_MISS,0,0,1,-1,0,0.0,,
836,16,19,13,1,NEAR,0,0,0,-2,0,0.0,,
837,16,19,12,1,NEAR,0,0,0,-2,0,1.0,,
838,16,19,12,1,NEAR_MISS,0,0,2,-1,0,1.0,,
839,16,19,12,1,NEAR,0,0,0,-2,0,0.0,,
840,16,19,12,1,NEAR,0,0,0,-2,0,0.0,,
841,16,19,12,2,NEAR_MISS,0,0,9,-1,1,1.0,3.000000,
842,16,19,12,1,NEAR_MISS,0,0,6,-1,1,0.0,4.500000,
843,16,19,13,1,NEAR,0,0,0,-2,0,0.0,,
844,16,19,12,1,NEAR,0,0,0,-2,0,0.0,,
845,16,19,12,1,NEAR,0,0,0,-3,0,1.0,,
846,16,19,12,1,NEAR,0,0,0,-2,0,1.0,,
847,16,19,13,2,NEAR_MISS,0,0,1,-1,0,1.0,,
848,16,19,12,1,NEAR,0,0,0,-2,0,0.0,,
849,16,19,12,1,NEAR,0,0,0,-2,0,1.0,,
850,16,19,12,1,NEAR,0,0,0,-2,0,-1.0,,
851,16,19,13,2,NEAR_MISS,0,0,2,-1,0,0.0,,
852,16,19,12,2,NEAR_MISS,0,0,1,-1,0,1.0,,
853,16,19,12,1,NEAR_MISS,0,0,2,-1,0,1.0,,
854,16,19,12,1,NEAR,0,0,0,-2,0,1.0,,
855,16,19,12,1,NEAR,0,0,0,-2,0,0.0,,
856,16,19,12,1,NEAR_MISS,0,0,1,-1,0,0.0,,
857,16,19,12,1,NEAR,0,0,0,-2,0,0.0,,
858,16,19,12,1,NEAR_MISS,0,0,3,-1,0,0.0,,
859,16,19,12,1,NEAR,0,0,0,-2,0,-1.0,,
860,16,19,12,1,NEAR,0,0,0,-2,0,0.0,,
861,16,19,13,1,NEAR,0,0,0,-2,0,1.0,,
862,16,19,12,1,NEAR,0,0,0,-2,0,1.0,,
863,16,19,12,1,NEAR,0,0,0,-2,0,0.0,,
864,16,19,12,1,NEAR,0,0,0,-2,0,-1.0,,
865,16,19,12,1,NEAR,0,0,0,-2,0,1.0,,
866,16,19,12,1,NEAR,0,0,0,-2,0,1.0,,
867,16,19,12,1,NEAR,0,0,0,-2,0,0.0,,
868,16,19,12,1,NEAR_MISS,0,0,4,-1,0,1.0,,
869,16,19,12,1,NEAR_MISS,0,0,2,-1,0,0.0,,
870,16,19,13,1,NEAR,0,0,0,-2,0,1.0,,
871,16,19,12,1,NEAR,0,0,0,-2,0,1.0,,
872,16,19,12,1,NEAR,0,0,0,-2,0,1.0,,
873,16,19,12,2,NEAR,0,0,0,-2,0,0.0,,
874,16,19,12,1,NEAR_MISS,0,0,3,-1,0,1.0,,
875,16,19,12,1,NEAR,0,0,0,-2,0,0.0,,
876,16,19,12,1,NEAR,0,0,0,-2,0,0.0,,
877,16,19,12,1,NEAR_MISS,0,0,1,-1,0,1.0,,
878,16,19,12,1,NEAR_MISS,0,0,2,-1,0,0.0,,
879,16,19,13,1,NEAR,0,0,0,-2,0,1.0,,
880,16,19,12,1,NEAR,0,0,0,-2,0,1.0,,
881,16,19,12,1,NEAR_MISS,0,0,2,-1,0,1.0,,
882,16,19,12,1,NEAR_MISS,0,0,3,-1,0,1.0,,
883,16,19,12,1,NEAR,0,0,0,-3,0,1.0,,
884,16,19,12,1,NEAR_MISS,0,0,1,-1,0,0.0,,
885,16,19,12,2,NEAR_MISS,0,0,6,-1,66,0.0,1.500000;1.500000;1.500000;1.500000;1.500000;1.500000;1.500000;1.500000;1.500000;1.500000;1.500000;1.500000;1.500000;1.500000;1.500000;1.500000;1.500000;1.500000;1.500000;1.500000;1.500000;1.500000;1.500000;1.500000;1.500000;1.500000;1.500000;1.500000;1.500000;1.500000;1.500000;1.500000;1.500000;1.500000;1.500000;1.500000;1.500000;1.500000;1.500000;1.500000;1.500000;1.500000;1.500000;1.500000;1.500000;1.500000;1.500000;1.500000;1.500000;1.500000;1.500000;1.500000;1.500000;1.500000;1.500000;1.500000;1.500000;1.500000;1.500000;1.500000;1.500000;1.500000;1.500000;1.500000;1.500000;1.500000,
886,16,19,13,2,NEAR,0,0,0,-2,0,1.0,,
887,16,19,12,1,NEAR_MISS,0,0,14,-1,56,1.0,1.500000;1.500000;1.500000;1.500000;1.500000;1.500000;1.500000;1.500000;1.500000;1.500000;1.500000;1.500000;1.500000;1.500000;1.500000;1.500000;1.500000;1.500000;1.500000;1.500000;1.500000;1.500000;1.500000;1.500000;1.500000;1.500000;1.500000;1.500000;1.500000;1.500000;1.500000;1.500000;1.500000;1.500000;1.500000;1.500000;1.500000;1.500000;1.500000;1.500000;1.500000;1.500000;1.500000;1.500000;1.500000;1.500000;1.500000;1.500000;1.500000;1.500000;1.500000;1.500000;1.500000;1.500000;1.500000;1.500000,
888,16,19,12,1,NEAR,0,0,0,-2,0,1.0,,
889,16,19,12,1,NEAR,0,0,0,-2,0,1.0,,
890,16,19,12,1,NEAR_MISS,0,0,1,-1,0,0.0,,
891,16,19,12,1,NEF,0,1,4,0,1,0.0,3.000000,
892,16,19,14,1,NEAR,0,0,0,-2,0,0.0,,
893,16,19,12,1,NEAR_MISS,0,0,3,-1,0,1.0,,
894,16,19,12,1,NEAR_MISS,0,0,2,-1,0,1.0,,
895,16,19,12,2,NEAR_MISS,0,0,13,-1,60,0.0,1.500000;1.500000;1.500000;1.500000;1.500000;1.500000;1.500000;1.500000;1.500000;1.500000;1.500000;1.500000;1.500000;1.500000;1.500000;1.500000;1.500000;1.500000;1.500000;1.500000;1.500000;1.500000;1.500000;1.500000;1.500000;1.500000;1.500000;1.500000;1.500000;1.500000;1.500000;1.500000;1.500000;1.500000;1.500000;1.500000;1.500000;1.500000;1.500000;1.500000;1.500000;1.500000;1.500000;1.500000;1.500000;1.500000;1.500000;1.500000;1.500000;1.500000;1.500000;1.500000;1.500000;1.500000;1.500000;1.500000;1.500000;1.500000;1.500000;1.500000,
896,16,19,12,1,NEAR,0,0,0,-2,0,1.0,,
897,16,19,13,1,NEAR,0,0,0,-2,0,0.0,,
898,16,19,12,1,NEF,0,1,7,0,1,1.0,2.000000,
899,16,19,12,1,NEAR_MISS,0,0,10,-1,54,1.0,1.500000;1.500000;1.500000;1.500000;1.500000;1.500000;1.500000;1.500000;1.500000;1.500000;1.500000;1.500000;1.500000;1.500000;1.500000;1.500000;1.500000;1.500000;1.500000;1.500000;1.500000;1.500000;1.500000;1.500000;1.500000;1.500000;1.500000;1.500000;1.500000;1.500000;1.500000;1.500000;1.500000;1.500000;1.500000;1.500000;1.500000;1.500000;1.500000;1.500000;1.500000;1.500000;1.500000;1.500000;1.500000;1.500000;1.500000;1.500000;1.500000;1.500000;1.500000;1.500000;1.500000;1.500000,
900,16,19,12,1,NEAR,0,0,0,-2,0,1.0,,
901,16,19,12,2,NEAR_MISS,0,0,10,-1,61,0.0,1.500000;1.500000;1.500000;1.500000;1.500000;1.500000;1.500000;1.500000;1.500000;1.500000;1.500000;1.500000;1.500000;1.500000;1.500000;1.500000;1.500000;1.500000;1.500000;1.500000;1.500000;1.500000;1.500000;1.500000;1.500000;1.500000;1.500000;1.500000;1.500000;1.500000;1.500000;1.500000;1.500000;1.500000;1.500000;1.500000;1.500000;1.500000;1.500000;1.500000;1.500000;1.500000;1.500000;1.500000;1.500000;1.500000;1.500000;1.500000;1.500000;1.500000;1.500000;1.500000;1.500000;1.500000;1.500000;1.500000;1.500000;1.500000;1.500000;1.500000;1.500000,
902,16,19,12,1,NEAR,0,0,0,-2,0,0.0,,
903,16,19,12,1,NEAR,0,0,0,-2,0,1.0,,
904,16,19,12,2,NEAR_MISS,0,0,13,-1,78,0.0,1.500000;1.500000;1.500000;1.500000;1.500000;1.500000;1.500000;1.500000;1.500000;1.500000;1.500000;1.500000;1.500000;1.500000;1.500000;1.500000;1.500000;1.500000;1.500000;1.500000;1.500000;1.500000;1.500000;1.500000;1.500000;1.500000;1.500000;1.500000;1.500000;1.500000;1.500000;1.500000;1.500000;1.500000;1.500000;1.500000;1.500000;1.500000;1.500000;1.500000;1.500000;1.500000;1.500000;1.500000;1.500000;1.500000;1.500000;1.500000;1.500000;1.500000;1.500000;1.500000;1.500000;1.500000;1.500000;1.500000;1.500000;1.500000;1.500000;1.500000;1.500000;1.500000;1.500000;1.500000;1.500000;1.500000;1.500000;1.500000;1.500000;1.500000;1.500000;1.500000;1.500000;1.500000;1.500000;1.500000;1.500000;1.500000,
905,16,19,12,1,NEAR,0,0,0,-2,0,0.0,,
906,16,19,12,1,NEF,0,1,7,0,1,1.0,2.000000,
907,16,19,12,2,NEAR_MISS,0,0,15,-1,1,1.0,3.000000,
908,16,19,12,1,NEAR,0,0,0,-2,0,0.0,,
909,16,19,12,2,NEAR_MISS,0,0,1,-1,0,1.0,,
910,16,19,12,1,NEF,0,1,9,0,1,1.0,2.000000,
911,16,19,12,2,NEAR_MISS,0,0,8,-1,45,1.0,1.500000;1.500000;1.500000;1.500000;1.500000;1.500000;1.500000;1.500000;1.500000;1.500000;1.500000;1.500000;1.500000;1.500000;1.500000;1.500000;1.500000;1.500000;1.500000;1.500000;1.500000;1.500000;1.500000;1.500000;1.500000;1.500000;1.500000;1.500000;1.500000;1.500000;1.500000;1.500000;1.500000;1.500000;1.500000;1.500000;1.500000;1.500000;1.500000;1.500000;1.500000;1.500000;1.500000;1.500000;1.500000,
912,16,19,12,1,NEAR_MISS,0,0,7,-1,44,1.0,1.500000;1.500000;1.500000;1.500000;1.500000;1.500000;1.500000;1.500000;1.500000;1.500000;1.500000;1.500000;1.500000;1.500000;1.500000;1.500000;1.500000;1.500000;1.500000;1.500000;1.500000;1.500000;1.500000;1.500000;1.500000;1.500000;1.500000;1.500000;1.500000;1.500000;1.500000;1.500000;1.500000;1.500000;1.500000;1.500000;1.500000;1.500000;1.500000;1.500000;1.500000;1.500000;1.500000;1.500000,
913,16,19,13,1,NEAR,0,0,0,-2,0,1.0,,
914,16,19,12,1,NEAR,0,0,0,-2,0,0.0,,
915,16,19,13,1,NEAR,0,0,0,-2,0,0.0,,
916,16,19,13,1,NEAR_MISS,0,0,1,-1,0,0.0,,
917,16,19,12,1,NEAR_MISS,0,0,3,-1,64,0.0,1.500000;1.500000;1.500000;1.500000;1.500000;1.500000;1.500000;1.500000;1.500000;1.500000;1.500000;1.500000;1.500000;1.500000;1.500000;1.500000;1.500000;1.500000;1.500000;1.500000;1.500000;1.500000;1.500000;1.500000;1.500000;1.500000;1.500000;1.500000;1.500000;1.500000;1.500000;1.500000;1.500000;1.500000;1.500000;1.500000;1.500000;1.500000;1.500000;1.500000;1.500000;1.500000;1.500000;1.500000;1.500000;1.500000;1.500000;1.500000;1.500000;1.500000;1.500000;1.500000;1.500000;1.500000;1.500000;1.500000;1.500000;1.500000;1.500000;1.500000;1.500000;1.500000;1.500000;1.500000,
918,16,19,12,2,NEAR,0,0,0,-2,0,0.0,,
919,16,19,12,1,NEAR,0,0,0,-2,0,1.0,,
920,16,19,12,1,NEF,0,1,10,0,0,1.0,,
921,16,19,12,1,NEAR,0,0,0,-2,0,0.0,,
922,16,19,12,1,NEAR_MISS,0,0,2,-1,0,1.0,,
923,16,19,12,1,NEAR,0,0,0,-2,0,1.0,,
924,16,19,12,1,NEAR,0,0,0,-2,0,1.0,,
925,16,19,14,1,NEAR_MISS,0,0,2,-1,1,0.0,3.000000,
926,16,19,14,1,NEAR,0,0,0,-2,0,0.0,,
927,16,19,12,1,NEAR_MISS,0,0,8,-1,63,1.0,1.500000;1.500000;1.500000;1.500000;1.500000;1.500000;1.500000;1.500000;1.500000;1.500000;1.500000;1.500000;1.500000;1.500000;1.500000;1.500000;1.500000;1.500000;1.500000;1.500000;1.500000;1.500000;1.500000;1.500000;1.500000;1.500000;1.500000;1.500000;1.500000;1.500000;1.500000;1.500000;1.500000;1.500000;1.500000;1.500000;1.500000;1.500000;1.500000;1.500000;1.500000;1.500000;1.500000;1.500000;1.500000;1.500000;1.500000;1.500000;1.500000;1.500000;1.500000;1.500000;1.500000;1.500000;1.500000;1.500000;1.500000;1.500000;1.500000;1.500000;1.500000;1.500000;1.500000,
928,16,19,12,1,NEAR_MISS,0,0,8,-1,1,0.0,3.000000,
929,16,19,12,1,NEAR_MISS,0,0,1,-1,0,1.0,,
930,16,19,12,1,NEAR_MISS,0,0,11,-1,73,1.0,1.500000;1.500000;1.500000;1.500000;1.500000;1.500000;1.500000;1.500000;1.500000;1.500000;1.500000;1.500000;1.500000;1.500000;1.500000;1.500000;1.500000;1.500000;1.500000;1.500000;1.500000;1.500000;1.500000;1.500000;1.500000;1.500000;1.500000;1.500000;1.500000;1.500000;1.500000;1.500000;1.500000;1.500000;1.500000;1.500000;1.500000;1.500000;1.500000;1.500000;1.500000;1.500000;1.500000;1.500000;1.500000;1.500000;1.500000;1.500000;1.500000;1.500000;1.500000;1.500000;1.500000;1.500000;1.500000;1.500000;1.500000;1.500000;1.500000;1.500000;1.500000;1.500000;1.500000;1.500000;1.500000;1.500000;1.500000;1.500000;1.500000;1.500000;1.500000;1.500000;1.500000,
931,16,19,13,1,NEAR,0,0,0,-2,0,0.0,,
932,16,19,13,1,NEAR_MISS,0,0,1,-1,0,1.0,,
933,16,19,12,1,NEAR,0,0,0,-2,0,1.0,,
934,16,19,12,1,NEAR_MISS,0,0,6,-1,47,1.0,1.500000;1.500000;1.500000;1.500000;1.500000;1.500000;1.500000;1.500000;1.500000;1.500000;1.500000;1.500000;1.500000;1.500000;1.500000;1.500000;1.500000;1.500000;1.500000;1.500000;1.500000;1.500000;1.500000;1.500000;1.500000;1.500000;1.500000;1.500000;1.500000;1.500000;1.500000;1.500000;1.500000;1.500000;1.500000;1.500000;1.500000;1.500000;1.500000;1.500000;1.500000;1.500000;1.500000;1.500000;1.500000;1.500000;1.500000,
935,16,19,12,1,NEF,0,1,15,0,0,1.0,,
936,16,19,12,1,NEAR,0,0,0,-2,0,1.0,,
937,16,19,14,1,NEAR,0,0,0,-2,0,0.0,,
938,16,19,12,1,NEAR_MISS,0,0,7,-1,50,1.0,1.500000;1.500000;1.500000;1.500000;1.500000;1.500000;1.500000;1.500000;1.500000;1.500000;1.500000;1.500000;1.500000;1.500000;1.500000;1.500000;1.500000;1.500000;1.500000;1.500000;1.500000;1.500000;1.500000;1.500000;1.500000;1.500000;1.500000;1.500000;1.500000;1.500000;1.500000;1.500000;1.500000;1.500000;1.500000;1.500000;1.500000;1.500000;1.500000;1.500000;1.500000;1.500000;1.500000;1.500000;1.500000;1.500000;1.500000;1.500000;1.500000;1.500000,
939,16,19,12,1,NEAR_MISS,0,0,4,-1,0,0.0,,
940,16,19,12,1,NEAR_MISS,0,0,9,-1,51,1.0,1.500000;1.500000;1.500000;1.500000;1.500000;1.500000;1.500000;1.500000;1.500000;1.500000;1.500000;1.500000;1.500000;1.500000;1.500000;1.500000;1.500000;1.500000;1.500000;1.500000;1.500000;1.500000;1.500000;1.500000;1.500000;1.500000;1.500000;1.500000;1.500000;1.500000;1.500000;1.500000;1.500000;1.500000;1.500000;1.500000;1.500000;1.500000;1.500000;1.500000;1.500000;1.500000;1.500000;1.500000;1.500000;1.500000;1.500000;1.500000;1.500000;1.500000;1.500000,
941,16,19,12,1,NEAR_MISS,0,0,11,-1,1,1.0,3.000000,
942,16,19,13,1,NEAR_MISS,0,0,1,-1,0,1.0,,
943,16,19,12,1,NEAR,0,0,0,-2,0,0.0,,
944,16,19,12,1,NEAR_MISS,0,0,1,-1,0,1.0,,
945,16,19,12,1,NEAR_MISS,0,0,6,-1,1,0.0,3.000000,
946,16,19,12,1,NEAR_MISS,0,0,12,-1,76,1.0,1.500000;1.500000;1.500000;1.500000;1.500000;1.500000;1.500000;1.500000;1.500000;1.500000;1.500000;1.500000;1.500000;1.500000;1.500000;1.500000;1.500000;1.500000;1.500000;1.500000;1.500000;1.500000;1.500000;1.500000;1.500000;1.500000;1.500000;1.500000;1.500000;1.500000;1.500000;1.500000;1.500000;1.500000;1.500000;1.500000;1.500000;1.500000;1.500000;1.500000;1.500000;1.500000;1.500000;1.500000;1.500000;1.500000;1.500000;1.500000;1.500000;1.500000;1.500000;1.500000;1.500000;1.500000;1.500000;1.500000;1.500000;1.500000;1.500000;1.500000;1.500000;1.500000;1.500000;1.500000;1.500000;1.500000;1.500000;1.500000;1.500000;1.500000;1.500000;1.500000;1.500000;1.500000;1.500000;1.500000,
947,16,19,12,2,NEAR_MISS,0,0,1,-1,0,1.0,,
948,16,19,13,1,NEAR_MISS,0,0,7,-1,1,1.0,3.000000,
949,16,19,12,1,NEAR,0,0,0,-2,0,1.0,,
950,16,19,14,1,NEAR,0,0,0,-2,0,0.0,,
951,16,19,13,1,NEAR,0,0,0,-2,0,1.0,,
952,16,19,12,1,NEAR_MISS,0,0,5,-1,0,1.0,,
953,16,19,12,1,NEAR_MISS,0,0,1,-1,0,1.0,,
954,16,19,12,1,NEAR_MISS,0,0,2,-1,0,1.0,,
955,16,19,12,1,NEAR_MISS,0,0,1,-1,0,1.0,,
956,16,19,12,1,NEAR_MISS,0,0,9,-1,1,0.0,4.500000,
957,16,19,12,1,NEAR_MISS,0,0,12,-1,1,0.0,4.500000,
958,16,19,12,1,NEF,0,1,9,0,1,1.0,3.000000,
959,16,19,12,1,NEAR_MISS,0,0,11,-1,1,0.0,4.500000,
960,16,19,12,1,NEAR_MISS,0,0,12,-1,1,0.0,3.000000,
961,16,19,12,2,NEAR_MISS,0,0,5,-1,0,1.0,,
962,16,19,12,1,NEAR,0,0,0,-2,0,0.0,,
963,16,19,12,1,NEAR_MISS,0,0,3,-1,0,1.0,,
964,16,19,12,1,NEAR_MISS,0,0,10,-1,53,1.0,1.500000;1.500000;1.500000;1.500000;1.500000;1.500000;1.500000;1.500000;1.500000;1.500000;1.500000;1.500000;1.500000;1.500000;1.500000;1.500000;1.500000;1.500000;1.500000;1.500000;1.500000;1.500000;1.500000;1.500000;1.500000;1.500000;1.500000;1.500000;1.500000;1.500000;1.500000;1.500000;1.500000;1.500000;1.500000;1.500000;1.500000;1.500000;1.500000;1.500000;1.500000;1.500000;1.500000;1.500000;1.500000;1.500000;1.500000;1.500000;1.500000;1.500000;1.500000;1.500000;1.500000,
965,16,19,12,1,NEF,0,1,1,0,0,1.0,,
966,16,19,12,1,NEAR,0,0,0,-2,0,1.0,,
967,16,19,13,1,NEAR_MISS,0,0,1,-1,0,0.0,,
968,16,19,12,1,NEAR_MISS,0,0,16,-1,1,1.0,3.000000,
969,16,19,12,1,NEAR_MISS,0,0,3,-1,0,0.0,,
970,16,19,12,1,NEAR_MISS,0,0,2,-1,0,0.0,,
971,16,19,12,1,NEAR,0,0,0,-2,0,0.0,,
972,16,19,12,1,NEAR,0,0,0,-2,0,1.0,,
973,16,19,12,1,NEAR_MISS,0,0,10,-1,1,1.0,3.000000,
974,16,19,12,2,NEAR,0,0,0,-3,0,0.0,,
975,16,19,12,1,NEF,0,1,0,0,0,1.0,,
976,16,19,12,1,NEAR_MISS,0,0,13,-1,1,0.0,4.500000,
977,16,19,12,1,NEAR,0,0,0,-2,0,0.0,,
978,16,19,12,1,NEAR_MISS,0,0,2,-1,0,0.0,,
979,16,19,12,1,NEAR,0,0,0,-2,0,1.0,,
980,16,19,13,1,NEF,0,1,3,0,1,0.0,3.000000,
981,16,19,12,1,NEAR_MISS,0,0,1,-1,0,1.0,,
982,16,19,12,1,NEAR,0,0,0,-2,0,0.0,,
983,16,19,12,1,NEAR_MISS,0,0,2,-1,0,1.0,,
984,16,19,12,1,NEAR,0,0,0,-2,0,0.0,,
985,16,19,12,1,NEAR_MISS,0,0,8,-1,57,1.0,1.500000;1.500000;1.500000;1.500000;1.500000;1.500000;1.500000;1.500000;1.500000;1.500000;1.500000;1.500000;1.500000;1.500000;1.500000;1.500000;1.500000;1.500000;1.500000;1.500000;1.500000;1.500000;1.500000;1.500000;1.500000;1.500000;1.500000;1.500000;1.500000;1.500000;1.500000;1.500000;1.500000;1.500000;1.500000;1.500000;1.500000;1.500000;1.500000;1.500000;1.500000;1.500000;1.500000;1.500000;1.500000;1.500000;1.500000;1.500000;1.500000;1.500000;1.500000;1.500000;1.500000;1.500000;1.500000;1.500000;1.500000,
986,16,19,12,1,NEAR,0,0,0,-2,0,1.0,,
987,16,19,13,1,NEAR,0,0,0,-2,0,0.0,,
988,16,19,12,1,NEAR,0,0,0,-2,0,1.0,,
989,16,19,12,1,NEAR_MISS,0,0,8,-1,63,0.0,1.500000;1.500000;1.500000;1.500000;1.500000;1.500000;1.500000;1.500000;1.500000;1.500000;1.500000;1.500000;1.500000;1.500000;1.500000;1.500000;1.500000;1.500000;1.500000;1.500000;1.500000;1.500000;1.500000;1.500000;1.500000;1.500000;1.500000;1.500000;1.500000;1.500000;1.500000;1.500000;1.500000;1.500000;1.500000;1.500000;1.500000;1.500000;1.500000;1.500000;1.500000;1.500000;1.500000;1.500000;1.500000;1.500000;1.500000;1.500000;1.500000;1.500000;1.500000;1.500000;1.500000;1.500000;1.500000;1.500000;1.500000;1.500000;1.500000;1.500000;1.500000;1.500000;1.500000,
990,16,19,12,1,NEAR_MISS,0,0,2,-1,0,0.0,,
991,16,19,12,1,NEAR,0,0,0,-2,0,0.0,,
992,16,19,12,1,NEAR,0,0,0,-2,0,1.0,,
993,16,19,13,2,NEAR_MISS,0,0,10,-1,1,0.0,4.500000,
994,16,19,12,1,NEF,0,1,14,0,0,1.0,,
995,16,19,12,1,NEF,0,1,9,0,1,-1.0,3.000000,
996,16,19,12,1,NEAR_MISS,0,0,2,-1,0,1.0,,
997,16,19,12,2,NEAR_MISS,0,0,10,-1,42,1.0,1.500000;1.500000;1.500000;1.500000;1.500000;1.500000;1.500000;1.500000;1.500000;1.500000;1.500000;1.500000;1.500000;1.500000;1.500000;1.500000;1.500000;1.500000;1.500000;1.500000;1.500000;1.500000;1.500000;1.500000;1.500000;1.500000;1.500000;1.500000;1.500000;1.500000;1.500000;1.500000;1.500000;1.500000;1.500000;1.500000;1.500000;1.500000;1.500000;1.500000;1.500000;1.500000,
998,16,19,12,1,NEAR,0,0,0,-2,0,0.0,,
999,16,19,12,1,NEAR_MISS,0,0,8,-1,62,0.0,1.500000;1.500000;1.500000;1.500000;1.500000;1.500000;1.500000;1.500000;1.500000;1.500000;1.500000;1.500000;1.500000;1.500000;1.500000;1.500000;1.500000;1.500000;1.500000;1.500000;1.500000;1.500000;1.500000;1.500000;1.500000;1.500000;1.500000;1.500000;1.500000;1.500000;1.500000;1.500000;1.500000;1.500000;1.500000;1.500000;1.500000;1.500000;1.500000;1.500000;1.500000;1.500000;1.500000;1.500000;1.500000;1.500000;1.500000;1.500000;1.500000;1.500000;1.500000;1.500000;1.500000;1.500000;1.500000;1.500000;1.500000;1.500000;1.500000;1.500000;1.500000;1.500000,
